--
-- PostgreSQL database dump
--

-- Dumped from database version 11.4
-- Dumped by pg_dump version 11.4

SET statement_timeout = 0;
SET lock_timeout = 0;
SET idle_in_transaction_session_timeout = 0;
SET client_encoding = 'UTF8';
SET standard_conforming_strings = on;
SELECT pg_catalog.set_config('search_path', '', false);
SET check_function_bodies = false;
SET xmloption = content;
SET client_min_messages = warning;
SET row_security = off;

SET default_tablespace = '';

SET default_with_oids = false;

--
-- Name: ar_internal_metadata; Type: TABLE; Schema: public; Owner: nramseylocal
--

CREATE TABLE public.ar_internal_metadata (
    key character varying NOT NULL,
    value character varying,
    created_at timestamp without time zone NOT NULL,
    updated_at timestamp without time zone NOT NULL
);


ALTER TABLE public.ar_internal_metadata OWNER TO nramseylocal;

--
-- Name: employees; Type: TABLE; Schema: public; Owner: nramseylocal
--

CREATE TABLE public.employees (
    id bigint NOT NULL,
    name character varying,
    wage numeric,
    store_id integer,
    created_at timestamp without time zone NOT NULL,
    updated_at timestamp without time zone NOT NULL
);


ALTER TABLE public.employees OWNER TO nramseylocal;

--
-- Name: employees_id_seq; Type: SEQUENCE; Schema: public; Owner: nramseylocal
--

CREATE SEQUENCE public.employees_id_seq
    START WITH 1
    INCREMENT BY 1
    NO MINVALUE
    NO MAXVALUE
    CACHE 1;


ALTER TABLE public.employees_id_seq OWNER TO nramseylocal;

--
-- Name: employees_id_seq; Type: SEQUENCE OWNED BY; Schema: public; Owner: nramseylocal
--

ALTER SEQUENCE public.employees_id_seq OWNED BY public.employees.id;


--
-- Name: orders; Type: TABLE; Schema: public; Owner: nramseylocal
--

CREATE TABLE public.orders (
    id bigint NOT NULL,
    store_id integer,
    product_id integer,
    day date,
    created_at timestamp without time zone NOT NULL,
    updated_at timestamp without time zone NOT NULL
);


ALTER TABLE public.orders OWNER TO nramseylocal;

--
-- Name: orders_id_seq; Type: SEQUENCE; Schema: public; Owner: nramseylocal
--

CREATE SEQUENCE public.orders_id_seq
    START WITH 1
    INCREMENT BY 1
    NO MINVALUE
    NO MAXVALUE
    CACHE 1;


ALTER TABLE public.orders_id_seq OWNER TO nramseylocal;

--
-- Name: orders_id_seq; Type: SEQUENCE OWNED BY; Schema: public; Owner: nramseylocal
--

ALTER SEQUENCE public.orders_id_seq OWNED BY public.orders.id;


--
-- Name: products; Type: TABLE; Schema: public; Owner: nramseylocal
--

CREATE TABLE public.products (
    id bigint NOT NULL,
    name character varying,
    materials character varying,
    cost numeric,
    price numeric,
    created_at timestamp without time zone NOT NULL,
    updated_at timestamp without time zone NOT NULL
);


ALTER TABLE public.products OWNER TO nramseylocal;

--
-- Name: products_id_seq; Type: SEQUENCE; Schema: public; Owner: nramseylocal
--

CREATE SEQUENCE public.products_id_seq
    START WITH 1
    INCREMENT BY 1
    NO MINVALUE
    NO MAXVALUE
    CACHE 1;


ALTER TABLE public.products_id_seq OWNER TO nramseylocal;

--
-- Name: products_id_seq; Type: SEQUENCE OWNED BY; Schema: public; Owner: nramseylocal
--

ALTER SEQUENCE public.products_id_seq OWNED BY public.products.id;


--
-- Name: schema_migrations; Type: TABLE; Schema: public; Owner: nramseylocal
--

CREATE TABLE public.schema_migrations (
    version character varying NOT NULL
);


ALTER TABLE public.schema_migrations OWNER TO nramseylocal;

--
-- Name: stores; Type: TABLE; Schema: public; Owner: nramseylocal
--

CREATE TABLE public.stores (
    id bigint NOT NULL,
    name character varying,
    created_at timestamp without time zone NOT NULL,
    updated_at timestamp without time zone NOT NULL
);


ALTER TABLE public.stores OWNER TO nramseylocal;

--
-- Name: stores_id_seq; Type: SEQUENCE; Schema: public; Owner: nramseylocal
--

CREATE SEQUENCE public.stores_id_seq
    START WITH 1
    INCREMENT BY 1
    NO MINVALUE
    NO MAXVALUE
    CACHE 1;


ALTER TABLE public.stores_id_seq OWNER TO nramseylocal;

--
-- Name: stores_id_seq; Type: SEQUENCE OWNED BY; Schema: public; Owner: nramseylocal
--

ALTER SEQUENCE public.stores_id_seq OWNED BY public.stores.id;


--
-- Name: timecards; Type: TABLE; Schema: public; Owner: nramseylocal
--

CREATE TABLE public.timecards (
    id bigint NOT NULL,
    day date,
    store_id integer,
    employee_id integer,
    hours numeric,
    created_at timestamp without time zone NOT NULL,
    updated_at timestamp without time zone NOT NULL
);


ALTER TABLE public.timecards OWNER TO nramseylocal;

--
-- Name: timecards_id_seq; Type: SEQUENCE; Schema: public; Owner: nramseylocal
--

CREATE SEQUENCE public.timecards_id_seq
    START WITH 1
    INCREMENT BY 1
    NO MINVALUE
    NO MAXVALUE
    CACHE 1;


ALTER TABLE public.timecards_id_seq OWNER TO nramseylocal;

--
-- Name: timecards_id_seq; Type: SEQUENCE OWNED BY; Schema: public; Owner: nramseylocal
--

ALTER SEQUENCE public.timecards_id_seq OWNED BY public.timecards.id;


--
-- Name: employees id; Type: DEFAULT; Schema: public; Owner: nramseylocal
--

ALTER TABLE ONLY public.employees ALTER COLUMN id SET DEFAULT nextval('public.employees_id_seq'::regclass);


--
-- Name: orders id; Type: DEFAULT; Schema: public; Owner: nramseylocal
--

ALTER TABLE ONLY public.orders ALTER COLUMN id SET DEFAULT nextval('public.orders_id_seq'::regclass);


--
-- Name: products id; Type: DEFAULT; Schema: public; Owner: nramseylocal
--

ALTER TABLE ONLY public.products ALTER COLUMN id SET DEFAULT nextval('public.products_id_seq'::regclass);


--
-- Name: stores id; Type: DEFAULT; Schema: public; Owner: nramseylocal
--

ALTER TABLE ONLY public.stores ALTER COLUMN id SET DEFAULT nextval('public.stores_id_seq'::regclass);


--
-- Name: timecards id; Type: DEFAULT; Schema: public; Owner: nramseylocal
--

ALTER TABLE ONLY public.timecards ALTER COLUMN id SET DEFAULT nextval('public.timecards_id_seq'::regclass);


--
-- Data for Name: ar_internal_metadata; Type: TABLE DATA; Schema: public; Owner: nramseylocal
--

COPY public.ar_internal_metadata (key, value, created_at, updated_at) FROM stdin;
environment	development	2019-10-06 06:52:55.806565	2019-10-06 06:52:55.806565
\.


--
-- Data for Name: employees; Type: TABLE DATA; Schema: public; Owner: nramseylocal
--

COPY public.employees (id, name, wage, store_id, created_at, updated_at) FROM stdin;
1	Giani Chau	12.0	1	2019-10-06 07:41:35.858653	2019-10-06 07:41:35.858653
2	Alyssa Fowler	12.5	1	2019-10-06 07:41:35.872512	2019-10-06 07:41:35.872512
3	Dimitri Gower	12.0	1	2019-10-06 07:41:35.87701	2019-10-06 07:41:35.87701
4	Kian Laird	12.0	1	2019-10-06 07:41:35.881778	2019-10-06 07:41:35.881778
5	Cosmo Neames	12.0	1	2019-10-06 07:41:35.887127	2019-10-06 07:41:35.887127
6	Gabriel Quigley	13.5	1	2019-10-06 07:41:35.891149	2019-10-06 07:41:35.891149
7	Jacob Snook	12.0	1	2019-10-06 07:41:35.894996	2019-10-06 07:41:35.894996
8	Justin Boynes	11.5	2	2019-10-06 07:41:35.899132	2019-10-06 07:41:35.899132
9	Anni Chaogi	12.0	2	2019-10-06 07:41:35.906677	2019-10-06 07:41:35.906677
10	Dimitri Gower	12.0	2	2019-10-06 07:41:35.917243	2019-10-06 07:41:35.917243
11	Monica Horn	12.0	2	2019-10-06 07:41:35.924461	2019-10-06 07:41:35.924461
12	Sebastian Mendoza	12.0	2	2019-10-06 07:41:35.928753	2019-10-06 07:41:35.928753
13	Alan Morales	12.0	2	2019-10-06 07:41:35.933123	2019-10-06 07:41:35.933123
14	Trent Nielsen	11.5	2	2019-10-06 07:41:35.937188	2019-10-06 07:41:35.937188
15	Andrew Baker	12.0	3	2019-10-06 07:41:35.942967	2019-10-06 07:41:35.942967
16	Alex Davis	14.0	3	2019-10-06 07:41:35.94857	2019-10-06 07:41:35.94857
17	Maisy Leath	12.0	3	2019-10-06 07:41:35.952988	2019-10-06 07:41:35.952988
18	Cosmo Neames	12.0	3	2019-10-06 07:41:35.958213	2019-10-06 07:41:35.958213
19	Jamie Nichols	12.0	3	2019-10-06 07:41:35.96514	2019-10-06 07:41:35.96514
20	Jacob Snook	12.0	3	2019-10-06 07:41:35.971186	2019-10-06 07:41:35.971186
21	Ashley Amstutz	12.0	4	2019-10-06 07:41:35.977733	2019-10-06 07:41:35.977733
22	Dimitri Gower	12.0	4	2019-10-06 07:41:35.985913	2019-10-06 07:41:35.985913
23	Bailey Hedden	12.0	4	2019-10-06 07:41:35.990214	2019-10-06 07:41:35.990214
24	Remo Judd	12.0	4	2019-10-06 07:41:35.99828	2019-10-06 07:41:35.99828
25	Xander Lynde	12.0	4	2019-10-06 07:41:36.005355	2019-10-06 07:41:36.005355
26	Morgan Scott	12.5	4	2019-10-06 07:41:36.010334	2019-10-06 07:41:36.010334
27	Keith Thomas	12.5	4	2019-10-06 07:41:36.014773	2019-10-06 07:41:36.014773
\.


--
-- Data for Name: orders; Type: TABLE DATA; Schema: public; Owner: nramseylocal
--

COPY public.orders (id, store_id, product_id, day, created_at, updated_at) FROM stdin;
1005	1	1	0003-01-19	2019-10-10 07:27:33.628386	2019-10-10 07:27:33.628386
1006	1	1	0003-01-19	2019-10-10 07:27:33.660278	2019-10-10 07:27:33.660278
1007	1	1	0003-01-19	2019-10-10 07:27:33.667247	2019-10-10 07:27:33.667247
1008	1	3	0003-01-19	2019-10-10 07:27:33.678979	2019-10-10 07:27:33.678979
1009	1	3	0003-01-19	2019-10-10 07:27:33.687547	2019-10-10 07:27:33.687547
1010	1	3	0003-01-19	2019-10-10 07:27:33.693588	2019-10-10 07:27:33.693588
1011	1	3	0003-01-19	2019-10-10 07:27:33.700936	2019-10-10 07:27:33.700936
1012	1	4	0003-01-19	2019-10-10 07:27:33.707472	2019-10-10 07:27:33.707472
1013	1	4	0003-01-19	2019-10-10 07:27:33.71521	2019-10-10 07:27:33.71521
1014	1	6	0003-01-19	2019-10-10 07:27:33.725442	2019-10-10 07:27:33.725442
1015	1	6	0003-01-19	2019-10-10 07:27:33.733197	2019-10-10 07:27:33.733197
1016	1	6	0003-01-19	2019-10-10 07:27:33.73901	2019-10-10 07:27:33.73901
1017	1	6	0003-01-19	2019-10-10 07:27:33.744082	2019-10-10 07:27:33.744082
1018	1	6	0003-01-19	2019-10-10 07:27:33.751223	2019-10-10 07:27:33.751223
1019	1	7	0003-01-19	2019-10-10 07:27:33.763708	2019-10-10 07:27:33.763708
1020	1	7	0003-01-19	2019-10-10 07:27:33.77254	2019-10-10 07:27:33.77254
1021	1	9	0003-01-19	2019-10-10 07:27:33.785159	2019-10-10 07:27:33.785159
1022	1	12	0003-01-19	2019-10-10 07:27:33.804016	2019-10-10 07:27:33.804016
1023	1	12	0003-01-19	2019-10-10 07:27:33.812417	2019-10-10 07:27:33.812417
1024	1	15	0003-01-19	2019-10-10 07:27:33.828859	2019-10-10 07:27:33.828859
1025	1	18	0003-01-19	2019-10-10 07:27:33.835477	2019-10-10 07:27:33.835477
1026	1	21	0003-01-19	2019-10-10 07:27:33.843968	2019-10-10 07:27:33.843968
1027	1	21	0003-01-19	2019-10-10 07:27:33.848617	2019-10-10 07:27:33.848617
1028	1	24	0003-01-19	2019-10-10 07:27:33.853043	2019-10-10 07:27:33.853043
1029	1	24	0003-01-19	2019-10-10 07:27:33.858872	2019-10-10 07:27:33.858872
1030	1	24	0003-01-19	2019-10-10 07:27:33.863944	2019-10-10 07:27:33.863944
1031	1	25	0003-01-19	2019-10-10 07:27:33.868963	2019-10-10 07:27:33.868963
1032	1	27	0003-01-19	2019-10-10 07:27:33.873582	2019-10-10 07:27:33.873582
1033	1	27	0003-01-19	2019-10-10 07:27:33.879648	2019-10-10 07:27:33.879648
1034	1	27	0003-01-19	2019-10-10 07:27:33.894787	2019-10-10 07:27:33.894787
1035	1	30	0003-01-19	2019-10-10 07:27:33.899707	2019-10-10 07:27:33.899707
1036	1	31	0003-01-19	2019-10-10 07:27:33.904131	2019-10-10 07:27:33.904131
1037	1	34	0003-01-19	2019-10-10 07:27:33.908888	2019-10-10 07:27:33.908888
1038	1	36	0003-01-19	2019-10-10 07:27:33.91436	2019-10-10 07:27:33.91436
1039	1	37	0003-01-19	2019-10-10 07:27:33.927131	2019-10-10 07:27:33.927131
1040	1	39	0003-01-19	2019-10-10 07:27:33.933532	2019-10-10 07:27:33.933532
1041	1	39	0003-01-19	2019-10-10 07:27:33.938086	2019-10-10 07:27:33.938086
1042	1	39	0003-01-19	2019-10-10 07:27:33.944136	2019-10-10 07:27:33.944136
1043	1	40	0003-01-19	2019-10-10 07:27:33.949348	2019-10-10 07:27:33.949348
1044	1	40	0003-01-19	2019-10-10 07:27:33.953912	2019-10-10 07:27:33.953912
1045	1	42	0003-01-19	2019-10-10 07:27:33.958408	2019-10-10 07:27:33.958408
1046	1	43	0003-01-19	2019-10-10 07:27:33.963863	2019-10-10 07:27:33.963863
1047	1	46	0003-01-19	2019-10-10 07:27:33.969327	2019-10-10 07:27:33.969327
1048	1	48	0003-01-19	2019-10-10 07:27:33.974721	2019-10-10 07:27:33.974721
1049	2	1	0003-01-19	2019-10-10 07:27:33.979688	2019-10-10 07:27:33.979688
1050	2	1	0003-01-19	2019-10-10 07:27:33.984462	2019-10-10 07:27:33.984462
1051	2	1	0003-01-19	2019-10-10 07:27:33.988854	2019-10-10 07:27:33.988854
1052	2	1	0003-01-19	2019-10-10 07:27:33.993566	2019-10-10 07:27:33.993566
1053	2	3	0003-01-19	2019-10-10 07:27:33.998163	2019-10-10 07:27:33.998163
1054	2	3	0003-01-19	2019-10-10 07:27:34.002831	2019-10-10 07:27:34.002831
1055	2	3	0003-01-19	2019-10-10 07:27:34.012632	2019-10-10 07:27:34.012632
1056	2	4	0003-01-19	2019-10-10 07:27:34.018306	2019-10-10 07:27:34.018306
1057	2	4	0003-01-19	2019-10-10 07:27:34.022833	2019-10-10 07:27:34.022833
1058	2	6	0003-01-19	2019-10-10 07:27:34.027648	2019-10-10 07:27:34.027648
1059	2	6	0003-01-19	2019-10-10 07:27:34.032094	2019-10-10 07:27:34.032094
1060	2	6	0003-01-19	2019-10-10 07:27:34.037297	2019-10-10 07:27:34.037297
1061	2	6	0003-01-19	2019-10-10 07:27:34.042142	2019-10-10 07:27:34.042142
1062	2	6	0003-01-19	2019-10-10 07:27:34.047153	2019-10-10 07:27:34.047153
1063	2	6	0003-01-19	2019-10-10 07:27:34.052856	2019-10-10 07:27:34.052856
1064	2	6	0003-01-19	2019-10-10 07:27:34.057716	2019-10-10 07:27:34.057716
1065	2	6	0003-01-19	2019-10-10 07:27:34.061778	2019-10-10 07:27:34.061778
1066	2	6	0003-01-19	2019-10-10 07:27:34.067017	2019-10-10 07:27:34.067017
1067	2	6	0003-01-19	2019-10-10 07:27:34.071551	2019-10-10 07:27:34.071551
1068	2	6	0003-01-19	2019-10-10 07:27:34.076135	2019-10-10 07:27:34.076135
1069	2	6	0003-01-19	2019-10-10 07:27:34.080127	2019-10-10 07:27:34.080127
1070	2	7	0003-01-19	2019-10-10 07:27:34.084406	2019-10-10 07:27:34.084406
1071	2	7	0003-01-19	2019-10-10 07:27:34.088532	2019-10-10 07:27:34.088532
1072	2	7	0003-01-19	2019-10-10 07:27:34.097635	2019-10-10 07:27:34.097635
1073	2	7	0003-01-19	2019-10-10 07:27:34.104342	2019-10-10 07:27:34.104342
1074	2	7	0003-01-19	2019-10-10 07:27:34.109251	2019-10-10 07:27:34.109251
1075	2	9	0003-01-19	2019-10-10 07:27:34.114104	2019-10-10 07:27:34.114104
1076	2	9	0003-01-19	2019-10-10 07:27:34.118263	2019-10-10 07:27:34.118263
1077	2	9	0003-01-19	2019-10-10 07:27:34.123516	2019-10-10 07:27:34.123516
1078	2	9	0003-01-19	2019-10-10 07:27:34.129036	2019-10-10 07:27:34.129036
1079	2	9	0003-01-19	2019-10-10 07:27:34.13413	2019-10-10 07:27:34.13413
1080	2	9	0003-01-19	2019-10-10 07:27:34.145003	2019-10-10 07:27:34.145003
1081	2	9	0003-01-19	2019-10-10 07:27:34.14914	2019-10-10 07:27:34.14914
1082	2	10	0003-01-19	2019-10-10 07:27:34.153101	2019-10-10 07:27:34.153101
1083	2	10	0003-01-19	2019-10-10 07:27:34.159959	2019-10-10 07:27:34.159959
1084	2	12	0003-01-19	2019-10-10 07:27:34.164876	2019-10-10 07:27:34.164876
1085	2	12	0003-01-19	2019-10-10 07:27:34.169185	2019-10-10 07:27:34.169185
1086	2	13	0003-01-19	2019-10-10 07:27:34.172888	2019-10-10 07:27:34.172888
1087	2	13	0003-01-19	2019-10-10 07:27:34.177403	2019-10-10 07:27:34.177403
1088	2	13	0003-01-19	2019-10-10 07:27:34.181364	2019-10-10 07:27:34.181364
1089	2	13	0003-01-19	2019-10-10 07:27:34.184949	2019-10-10 07:27:34.184949
1090	2	15	0003-01-19	2019-10-10 07:27:34.189764	2019-10-10 07:27:34.189764
1091	2	15	0003-01-19	2019-10-10 07:27:34.193812	2019-10-10 07:27:34.193812
1092	2	15	0003-01-19	2019-10-10 07:27:34.198063	2019-10-10 07:27:34.198063
1093	2	15	0003-01-19	2019-10-10 07:27:34.202772	2019-10-10 07:27:34.202772
1094	2	18	0003-01-19	2019-10-10 07:27:34.207813	2019-10-10 07:27:34.207813
1095	2	19	0003-01-19	2019-10-10 07:27:34.211719	2019-10-10 07:27:34.211719
1096	2	19	0003-01-19	2019-10-10 07:27:34.2155	2019-10-10 07:27:34.2155
1097	2	19	0003-01-19	2019-10-10 07:27:34.220276	2019-10-10 07:27:34.220276
1098	2	19	0003-01-19	2019-10-10 07:27:34.22469	2019-10-10 07:27:34.22469
1099	2	21	0003-01-19	2019-10-10 07:27:34.229097	2019-10-10 07:27:34.229097
1100	2	24	0003-01-19	2019-10-10 07:27:34.232746	2019-10-10 07:27:34.232746
1101	2	24	0003-01-19	2019-10-10 07:27:34.236409	2019-10-10 07:27:34.236409
1102	2	24	0003-01-19	2019-10-10 07:27:34.240968	2019-10-10 07:27:34.240968
1103	2	25	0003-01-19	2019-10-10 07:27:34.246479	2019-10-10 07:27:34.246479
1104	2	25	0003-01-19	2019-10-10 07:27:34.251138	2019-10-10 07:27:34.251138
1105	2	27	0003-01-19	2019-10-10 07:27:34.254826	2019-10-10 07:27:34.254826
1106	2	27	0003-01-19	2019-10-10 07:27:34.258756	2019-10-10 07:27:34.258756
1107	2	27	0003-01-19	2019-10-10 07:27:34.262765	2019-10-10 07:27:34.262765
1108	2	27	0003-01-19	2019-10-10 07:27:34.266712	2019-10-10 07:27:34.266712
1109	2	27	0003-01-19	2019-10-10 07:27:34.270308	2019-10-10 07:27:34.270308
1110	2	27	0003-01-19	2019-10-10 07:27:34.274264	2019-10-10 07:27:34.274264
1111	2	27	0003-01-19	2019-10-10 07:27:34.279446	2019-10-10 07:27:34.279446
1112	2	27	0003-01-19	2019-10-10 07:27:34.284548	2019-10-10 07:27:34.284548
1113	2	27	0003-01-19	2019-10-10 07:27:34.289115	2019-10-10 07:27:34.289115
1114	2	27	0003-01-19	2019-10-10 07:27:34.293316	2019-10-10 07:27:34.293316
1115	2	30	0003-01-19	2019-10-10 07:27:34.297181	2019-10-10 07:27:34.297181
1116	2	31	0003-01-19	2019-10-10 07:27:34.300946	2019-10-10 07:27:34.300946
1117	2	31	0003-01-19	2019-10-10 07:27:34.305205	2019-10-10 07:27:34.305205
1118	2	31	0003-01-19	2019-10-10 07:27:34.310521	2019-10-10 07:27:34.310521
1119	2	33	0003-01-19	2019-10-10 07:27:34.314485	2019-10-10 07:27:34.314485
1120	2	33	0003-01-19	2019-10-10 07:27:34.318236	2019-10-10 07:27:34.318236
1121	2	34	0003-01-19	2019-10-10 07:27:34.322019	2019-10-10 07:27:34.322019
1122	2	34	0003-01-19	2019-10-10 07:27:34.326668	2019-10-10 07:27:34.326668
1123	2	36	0003-01-19	2019-10-10 07:27:34.330474	2019-10-10 07:27:34.330474
1124	2	37	0003-01-19	2019-10-10 07:27:34.334521	2019-10-10 07:27:34.334521
1125	2	39	0003-01-19	2019-10-10 07:27:34.339425	2019-10-10 07:27:34.339425
1126	2	39	0003-01-19	2019-10-10 07:27:34.34431	2019-10-10 07:27:34.34431
1127	2	39	0003-01-19	2019-10-10 07:27:34.348677	2019-10-10 07:27:34.348677
1128	2	39	0003-01-19	2019-10-10 07:27:34.352469	2019-10-10 07:27:34.352469
1129	2	40	0003-01-19	2019-10-10 07:27:34.356289	2019-10-10 07:27:34.356289
1130	2	40	0003-01-19	2019-10-10 07:27:34.360051	2019-10-10 07:27:34.360051
1131	2	40	0003-01-19	2019-10-10 07:27:34.363582	2019-10-10 07:27:34.363582
1132	2	42	0003-01-19	2019-10-10 07:27:34.370314	2019-10-10 07:27:34.370314
1133	2	42	0003-01-19	2019-10-10 07:27:34.374814	2019-10-10 07:27:34.374814
1134	2	42	0003-01-19	2019-10-10 07:27:34.379314	2019-10-10 07:27:34.379314
1135	2	42	0003-01-19	2019-10-10 07:27:34.383077	2019-10-10 07:27:34.383077
1136	2	42	0003-01-19	2019-10-10 07:27:34.386957	2019-10-10 07:27:34.386957
1137	2	45	0003-01-19	2019-10-10 07:27:34.391524	2019-10-10 07:27:34.391524
1138	2	45	0003-01-19	2019-10-10 07:27:34.395323	2019-10-10 07:27:34.395323
1139	2	46	0003-01-19	2019-10-10 07:27:34.400929	2019-10-10 07:27:34.400929
1140	2	46	0003-01-19	2019-10-10 07:27:34.404946	2019-10-10 07:27:34.404946
1141	2	48	0003-01-19	2019-10-10 07:27:34.410441	2019-10-10 07:27:34.410441
1142	3	1	0003-01-19	2019-10-10 07:27:34.414497	2019-10-10 07:27:34.414497
1143	3	3	0003-01-19	2019-10-10 07:27:34.418377	2019-10-10 07:27:34.418377
1144	3	3	0003-01-19	2019-10-10 07:27:34.42213	2019-10-10 07:27:34.42213
1145	3	4	0003-01-19	2019-10-10 07:27:34.426099	2019-10-10 07:27:34.426099
1146	3	4	0003-01-19	2019-10-10 07:27:34.429963	2019-10-10 07:27:34.429963
1147	3	4	0003-01-19	2019-10-10 07:27:34.433997	2019-10-10 07:27:34.433997
1148	3	4	0003-01-19	2019-10-10 07:27:34.437846	2019-10-10 07:27:34.437846
1149	3	4	0003-01-19	2019-10-10 07:27:34.443217	2019-10-10 07:27:34.443217
1150	3	6	0003-01-19	2019-10-10 07:27:34.447647	2019-10-10 07:27:34.447647
1151	3	7	0003-01-19	2019-10-10 07:27:34.452933	2019-10-10 07:27:34.452933
1152	3	7	0003-01-19	2019-10-10 07:27:34.457319	2019-10-10 07:27:34.457319
1153	3	7	0003-01-19	2019-10-10 07:27:34.462164	2019-10-10 07:27:34.462164
1154	3	9	0003-01-19	2019-10-10 07:27:34.466897	2019-10-10 07:27:34.466897
1155	3	9	0003-01-19	2019-10-10 07:27:34.471013	2019-10-10 07:27:34.471013
1156	3	9	0003-01-19	2019-10-10 07:27:34.475861	2019-10-10 07:27:34.475861
1157	3	9	0003-01-19	2019-10-10 07:27:34.480005	2019-10-10 07:27:34.480005
1158	3	9	0003-01-19	2019-10-10 07:27:34.48449	2019-10-10 07:27:34.48449
1159	3	9	0003-01-19	2019-10-10 07:27:34.490487	2019-10-10 07:27:34.490487
1160	3	9	0003-01-19	2019-10-10 07:27:34.495834	2019-10-10 07:27:34.495834
1161	3	10	0003-01-19	2019-10-10 07:27:34.499975	2019-10-10 07:27:34.499975
1162	3	10	0003-01-19	2019-10-10 07:27:34.503749	2019-10-10 07:27:34.503749
1163	3	10	0003-01-19	2019-10-10 07:27:34.50795	2019-10-10 07:27:34.50795
1164	3	10	0003-01-19	2019-10-10 07:27:34.512295	2019-10-10 07:27:34.512295
1165	3	10	0003-01-19	2019-10-10 07:27:34.516419	2019-10-10 07:27:34.516419
1166	3	12	0003-01-19	2019-10-10 07:27:34.521574	2019-10-10 07:27:34.521574
1167	3	12	0003-01-19	2019-10-10 07:27:34.526243	2019-10-10 07:27:34.526243
1168	3	12	0003-01-19	2019-10-10 07:27:34.531246	2019-10-10 07:27:34.531246
1169	3	15	0003-01-19	2019-10-10 07:27:34.535523	2019-10-10 07:27:34.535523
1170	3	16	0003-01-19	2019-10-10 07:27:34.539999	2019-10-10 07:27:34.539999
1171	3	18	0003-01-19	2019-10-10 07:27:34.544298	2019-10-10 07:27:34.544298
1172	3	18	0003-01-19	2019-10-10 07:27:34.54821	2019-10-10 07:27:34.54821
1173	3	18	0003-01-19	2019-10-10 07:27:34.553142	2019-10-10 07:27:34.553142
1174	3	22	0003-01-19	2019-10-10 07:27:34.557809	2019-10-10 07:27:34.557809
1175	3	24	0003-01-19	2019-10-10 07:27:34.562741	2019-10-10 07:27:34.562741
1176	3	25	0003-01-19	2019-10-10 07:27:34.56726	2019-10-10 07:27:34.56726
1177	3	27	0003-01-19	2019-10-10 07:27:34.572273	2019-10-10 07:27:34.572273
1178	3	27	0003-01-19	2019-10-10 07:27:34.578879	2019-10-10 07:27:34.578879
1179	3	27	0003-01-19	2019-10-10 07:27:34.584192	2019-10-10 07:27:34.584192
1180	3	30	0003-01-19	2019-10-10 07:27:34.588974	2019-10-10 07:27:34.588974
1181	3	30	0003-01-19	2019-10-10 07:27:34.594711	2019-10-10 07:27:34.594711
1182	3	33	0003-01-19	2019-10-10 07:27:34.599756	2019-10-10 07:27:34.599756
1183	3	38	0003-01-19	2019-10-10 07:27:34.604607	2019-10-10 07:27:34.604607
1184	3	39	0003-01-19	2019-10-10 07:27:34.609807	2019-10-10 07:27:34.609807
1185	3	40	0003-01-19	2019-10-10 07:27:34.617524	2019-10-10 07:27:34.617524
1186	3	40	0003-01-19	2019-10-10 07:27:34.623724	2019-10-10 07:27:34.623724
1187	3	42	0003-01-19	2019-10-10 07:27:34.628851	2019-10-10 07:27:34.628851
1188	3	43	0003-01-19	2019-10-10 07:27:34.633694	2019-10-10 07:27:34.633694
1189	3	48	0003-01-19	2019-10-10 07:27:34.638633	2019-10-10 07:27:34.638633
1190	3	53	0003-01-19	2019-10-10 07:27:34.64446	2019-10-10 07:27:34.64446
1191	4	1	0003-01-19	2019-10-10 07:27:34.64973	2019-10-10 07:27:34.64973
1192	4	1	0003-01-19	2019-10-10 07:27:34.654767	2019-10-10 07:27:34.654767
1193	4	2	0003-01-19	2019-10-10 07:27:34.661924	2019-10-10 07:27:34.661924
1194	4	3	0003-01-19	2019-10-10 07:27:34.672891	2019-10-10 07:27:34.672891
1195	4	3	0003-01-19	2019-10-10 07:27:34.6782	2019-10-10 07:27:34.6782
1196	4	3	0003-01-19	2019-10-10 07:27:34.682953	2019-10-10 07:27:34.682953
1197	4	3	0003-01-19	2019-10-10 07:27:34.687651	2019-10-10 07:27:34.687651
1198	4	4	0003-01-19	2019-10-10 07:27:34.693063	2019-10-10 07:27:34.693063
1199	4	4	0003-01-19	2019-10-10 07:27:34.697823	2019-10-10 07:27:34.697823
1200	4	5	0003-01-19	2019-10-10 07:27:34.702033	2019-10-10 07:27:34.702033
1201	4	6	0003-01-19	2019-10-10 07:27:34.706396	2019-10-10 07:27:34.706396
1202	4	6	0003-01-19	2019-10-10 07:27:34.711705	2019-10-10 07:27:34.711705
1203	4	6	0003-01-19	2019-10-10 07:27:34.716169	2019-10-10 07:27:34.716169
1204	4	6	0003-01-19	2019-10-10 07:27:34.720393	2019-10-10 07:27:34.720393
1205	4	6	0003-01-19	2019-10-10 07:27:34.72484	2019-10-10 07:27:34.72484
1206	4	6	0003-01-19	2019-10-10 07:27:34.728872	2019-10-10 07:27:34.728872
1207	4	6	0003-01-19	2019-10-10 07:27:34.735796	2019-10-10 07:27:34.735796
1208	4	6	0003-01-19	2019-10-10 07:27:34.740339	2019-10-10 07:27:34.740339
1209	4	6	0003-01-19	2019-10-10 07:27:34.745049	2019-10-10 07:27:34.745049
1210	4	6	0003-01-19	2019-10-10 07:27:34.749313	2019-10-10 07:27:34.749313
1211	4	6	0003-01-19	2019-10-10 07:27:34.7535	2019-10-10 07:27:34.7535
1212	4	7	0003-01-19	2019-10-10 07:27:34.757891	2019-10-10 07:27:34.757891
1213	4	9	0003-01-19	2019-10-10 07:27:34.762059	2019-10-10 07:27:34.762059
1214	4	9	0003-01-19	2019-10-10 07:27:34.766762	2019-10-10 07:27:34.766762
1215	4	9	0003-01-19	2019-10-10 07:27:34.770693	2019-10-10 07:27:34.770693
1216	4	9	0003-01-19	2019-10-10 07:27:34.776867	2019-10-10 07:27:34.776867
1217	4	9	0003-01-19	2019-10-10 07:27:34.781073	2019-10-10 07:27:34.781073
1218	4	9	0003-01-19	2019-10-10 07:27:34.785513	2019-10-10 07:27:34.785513
1219	4	9	0003-01-19	2019-10-10 07:27:34.789584	2019-10-10 07:27:34.789584
1220	4	10	0003-01-19	2019-10-10 07:27:34.794818	2019-10-10 07:27:34.794818
1221	4	13	0003-01-19	2019-10-10 07:27:34.799817	2019-10-10 07:27:34.799817
1222	4	16	0003-01-19	2019-10-10 07:27:34.804361	2019-10-10 07:27:34.804361
1223	4	22	0003-01-19	2019-10-10 07:27:34.809802	2019-10-10 07:27:34.809802
1224	4	22	0003-01-19	2019-10-10 07:27:34.818809	2019-10-10 07:27:34.818809
1225	4	25	0003-01-19	2019-10-10 07:27:34.822849	2019-10-10 07:27:34.822849
1226	4	27	0003-01-19	2019-10-10 07:27:34.827696	2019-10-10 07:27:34.827696
1227	4	27	0003-01-19	2019-10-10 07:27:34.831814	2019-10-10 07:27:34.831814
1228	4	28	0003-01-19	2019-10-10 07:27:34.835686	2019-10-10 07:27:34.835686
1229	4	28	0003-01-19	2019-10-10 07:27:34.840054	2019-10-10 07:27:34.840054
1230	4	33	0003-01-19	2019-10-10 07:27:34.844206	2019-10-10 07:27:34.844206
1231	4	33	0003-01-19	2019-10-10 07:27:34.848582	2019-10-10 07:27:34.848582
1232	4	36	0003-01-19	2019-10-10 07:27:34.853127	2019-10-10 07:27:34.853127
1233	4	36	0003-01-19	2019-10-10 07:27:34.859794	2019-10-10 07:27:34.859794
1234	4	36	0003-01-19	2019-10-10 07:27:34.864614	2019-10-10 07:27:34.864614
1235	4	36	0003-01-19	2019-10-10 07:27:34.869365	2019-10-10 07:27:34.869365
1236	4	36	0003-01-19	2019-10-10 07:27:34.873892	2019-10-10 07:27:34.873892
1237	4	42	0003-01-19	2019-10-10 07:27:34.877986	2019-10-10 07:27:34.877986
1238	4	42	0003-01-19	2019-10-10 07:27:34.882396	2019-10-10 07:27:34.882396
1239	4	42	0003-01-19	2019-10-10 07:27:34.886714	2019-10-10 07:27:34.886714
1240	4	42	0003-01-19	2019-10-10 07:27:34.891388	2019-10-10 07:27:34.891388
1241	4	46	0003-01-19	2019-10-10 07:27:34.895658	2019-10-10 07:27:34.895658
1242	4	47	0003-01-19	2019-10-10 07:27:34.901014	2019-10-10 07:27:34.901014
\.


--
-- Data for Name: products; Type: TABLE DATA; Schema: public; Owner: nramseylocal
--

COPY public.products (id, name, materials, cost, price, created_at, updated_at) FROM stdin;
1	Cheese_P	dough, sauce	1.96	9.95	2019-10-06 07:40:53.142856	2019-10-07 16:45:32.977006
2	Cheese_GF	dough, sauce	2.64	10.95	2019-10-07 16:45:32.992295	2019-10-07 16:45:32.992295
3	Cheese_L	dough, sauce	3.32	17.95	2019-10-06 07:40:53.195831	2019-10-07 16:45:33.004707
4	Pepperoni_P	dough, sauce	1.97	9.95	2019-10-06 07:40:53.200837	2019-10-07 16:45:33.020204
6	Pepperoni_L	dough, sauce	3.5	17.95	2019-10-06 07:40:53.234963	2019-10-07 16:45:33.026112
7	Meat_Lover_P	dough, sauce	2.2	9.95	2019-10-06 07:40:53.239357	2019-10-07 16:45:33.029004
9	Meat_Lover_L	dough, sauce	3.97	17.95	2019-10-06 07:40:53.267315	2019-10-07 16:45:33.040736
10	BBQ_Chicken_P	dough, sauce	2.48	9.95	2019-10-06 07:40:53.281068	2019-10-07 16:45:33.047358
12	BBQ_Chicken_L	dough, sauce	4.59	17.95	2019-10-06 07:40:53.319191	2019-10-07 16:45:33.062524
13	Buffalo_Chicken_P	dough, sauce	1.99	9.95	2019-10-06 07:40:53.327171	2019-10-07 16:45:33.067258
14	Buffalo_Chicken_GF	dough, sauce	2.75	10.95	2019-10-06 07:40:53.334827	2019-10-07 16:45:33.076464
15	Buffalo_Chicken_L	dough, sauce	3.51	17.95	2019-10-06 07:40:53.37991	2019-10-07 16:45:33.089739
16	Chicken_Bacon_Ranch_P	dough, sauce	2.18	9.95	2019-10-06 07:40:53.393289	2019-10-07 16:45:33.095311
17	Chicken_Bacon_Ranch_GF	dough, sauce	3.03	10.95	2019-10-06 07:40:53.405579	2019-10-07 16:45:33.09804
18	Chicken_Bacon_Ranch_L	dough, sauce	3.88	17.95	2019-10-06 07:40:53.408836	2019-10-07 16:45:33.101398
19	ITL_Sausage_P	dough, sauce	2.08	9.95	2019-10-06 07:40:53.413512	2019-10-07 16:45:33.105432
20	ITL_Sausage_GF	dough, sauce	2.89	10.95	2019-10-06 07:40:53.416903	2019-10-07 16:45:33.112843
21	ITL_Sausage_L	dough, sauce	3.7	17.95	2019-10-06 07:40:53.420177	2019-10-07 16:45:33.115962
22	Hawaiian_P	dough, sauce	2.02	9.95	2019-10-06 07:40:53.425979	2019-10-07 16:45:33.12068
24	Hawaiian_L	dough, sauce	3.59	17.95	2019-10-06 07:40:53.435125	2019-10-07 16:45:33.126661
25	Carne_Amante_P	dough, sauce	2.46	9.95	2019-10-06 07:40:53.456976	2019-10-07 16:45:33.129155
27	Carne_Amante_L	dough, sauce	4.27	17.95	2019-10-06 07:40:53.469272	2019-10-07 16:45:33.136015
28	Garlic_Vegetarian_P	dough, sauce	2.27	9.95	2019-10-06 07:40:53.473323	2019-10-07 16:45:33.140774
30	Garlic_Vegetarian_L	dough, sauce	3.8	17.95	2019-10-06 07:40:53.483148	2019-10-07 16:45:33.157272
31	Chicken_Pesto_P	dough, sauce	2.95	9.95	2019-10-06 07:40:53.496219	2019-10-07 16:45:33.159782
33	Chicken_Pesto_L	dough, sauce	5.22	17.95	2019-10-06 07:40:53.502752	2019-10-07 16:45:33.166978
34	Mediterranean_P	dough, sauce	2.41	9.95	2019-10-06 07:40:53.508419	2019-10-07 16:45:33.169834
36	Mediterranean_L	dough, sauce	4.46	17.95	2019-10-06 07:40:53.517822	2019-10-07 16:45:33.174998
37	Tuscan_Veggie_P	dough, sauce	2.56	9.95	2019-10-06 07:40:53.521217	2019-10-07 16:45:33.178203
39	Tuscan_Veggie_L	dough, sauce	4.77	17.95	2019-10-06 07:40:53.531851	2019-10-07 16:45:33.186131
40	Margherita_P	dough, sauce	2.33	9.95	2019-10-06 07:40:53.536334	2019-10-07 16:45:33.189554
41	Margherita_GF	dough, sauce	2.99	10.95	2019-10-06 07:40:53.551609	2019-10-07 16:45:33.192653
42	Margherita_L	dough, sauce	3.65	17.95	2019-10-06 07:40:53.561648	2019-10-07 16:45:33.195728
43	Prime_Rib_P	dough, sauce	3.16	9.95	2019-10-06 07:40:53.59919	2019-10-07 16:45:33.199389
44	Prime_Rib_GF	dough, sauce	4.48	10.95	2019-10-06 07:40:53.627716	2019-10-07 16:45:33.20393
45	Prime_Rib_L	dough, sauce	5.8	17.95	2019-10-06 07:40:53.640257	2019-10-07 16:45:33.206704
46	Thai_Chicken_P	dough, sauce	2.84	9.95	2019-10-06 07:40:53.649017	2019-10-07 16:45:33.216432
47	Thai_Chicken_GF	dough, sauce	4.03	10.95	2019-10-06 07:40:53.66938	2019-10-07 16:45:33.2278
48	Thai_Chicken_L	dough, sauce	5.22	17.95	2019-10-06 07:40:53.676197	2019-10-07 16:45:33.231202
49	Gyro_P	dough, sauce	1.0	9.95	2019-10-07 16:45:33.236941	2019-10-07 16:45:33.236941
50	Gyro_GF	dough, sauce	1.0	10.95	2019-10-07 16:45:33.23992	2019-10-07 16:45:33.23992
51	Gyro_L	dough, sauce	1.0	17.95	2019-10-07 16:45:33.252324	2019-10-07 16:45:33.252324
52	Coconut_Shrip_P	dough, sauce	1.0	9.95	2019-10-07 16:45:33.25819	2019-10-07 16:45:33.25819
53	Coconut_Shrip_GF	dough, sauce	1.0	10.95	2019-10-07 16:45:33.261664	2019-10-07 16:45:33.261664
54	Coconut_Shrip_L	dough, sauce	1.0	17.95	2019-10-07 16:45:33.265346	2019-10-07 16:45:33.265346
5	Pepperoni_GF	dough, sauce	2.74	10.95	2019-10-06 07:40:53.229721	2019-10-10 07:30:39.958867
8	Meat_Lover_GF	dough, sauce	3.09	10.95	2019-10-06 07:40:53.246938	2019-10-10 07:30:39.974909
11	BBQ_Chicken_GF	dough, sauce	3.54	10.95	2019-10-06 07:40:53.314784	2019-10-10 07:30:39.990363
23	Hawaiian_GF	dough, sauce	2.81	10.95	2019-10-06 07:40:53.431674	2019-10-10 07:30:40.019518
26	Carne_Amante_GF	dough, sauce	3.37	10.95	2019-10-06 07:40:53.465991	2019-10-10 07:30:40.031121
29	Garlic_Vegetarian_GF	dough, sauce	3.04	10.95	2019-10-06 07:40:53.477195	2019-10-10 07:30:40.038588
32	Chicken_Pesto_GF	dough, sauce	4.09	10.95	2019-10-06 07:40:53.49956	2019-10-10 07:30:40.04764
35	Mediterranean_GF	dough, sauce	3.44	10.95	2019-10-06 07:40:53.51334	2019-10-10 07:30:40.055435
38	Tuscan_Veggie_GF	dough, sauce	3.67	10.95	2019-10-06 07:40:53.527687	2019-10-10 07:30:40.063804
\.


--
-- Data for Name: schema_migrations; Type: TABLE DATA; Schema: public; Owner: nramseylocal
--

COPY public.schema_migrations (version) FROM stdin;
20191006064941
20191006065356
20191006065526
20191006065705
20191006065832
20191006070208
20191006070258
20191006070339
20191006070434
20191006070504
\.


--
-- Data for Name: stores; Type: TABLE DATA; Schema: public; Owner: nramseylocal
--

COPY public.stores (id, name, created_at, updated_at) FROM stdin;
1	New Castle	2019-10-06 07:39:26.879914	2019-10-06 07:39:26.879914
2	Mercer Island	2019-10-06 07:39:26.892226	2019-10-06 07:39:26.892226
3	Tiger Mountain	2019-10-06 07:39:26.894754	2019-10-06 07:39:26.894754
4	Issaquah	2019-10-06 07:39:26.901824	2019-10-06 07:39:26.901824
\.


--
-- Data for Name: timecards; Type: TABLE DATA; Schema: public; Owner: nramseylocal
--

COPY public.timecards (id, day, store_id, employee_id, hours, created_at, updated_at) FROM stdin;
1	2019-07-10	1	1	5.03	2019-10-07 16:15:55.970201	2019-10-07 16:15:55.970201
2	2019-07-10	1	6	8.75	2019-10-07 16:15:56.041046	2019-10-07 16:15:56.041046
3	2019-07-10	2	10	9.28	2019-10-07 16:15:56.086843	2019-10-07 16:15:56.086843
4	2019-07-10	2	11	7.71	2019-10-07 16:15:56.09392	2019-10-07 16:15:56.09392
5	2019-07-10	3	16	8.3	2019-10-07 16:15:56.098517	2019-10-07 16:15:56.098517
6	2019-07-10	3	19	7.35	2019-10-07 16:15:56.105551	2019-10-07 16:15:56.105551
7	2019-07-10	4	21	7.53	2019-10-07 16:15:56.110182	2019-10-07 16:15:56.110182
8	2019-07-10	4	26	9.32	2019-10-07 16:15:56.11445	2019-10-07 16:15:56.11445
\.


--
-- Name: employees_id_seq; Type: SEQUENCE SET; Schema: public; Owner: nramseylocal
--

SELECT pg_catalog.setval('public.employees_id_seq', 1, false);


--
-- Name: orders_id_seq; Type: SEQUENCE SET; Schema: public; Owner: nramseylocal
--

SELECT pg_catalog.setval('public.orders_id_seq', 1242, true);


--
-- Name: products_id_seq; Type: SEQUENCE SET; Schema: public; Owner: nramseylocal
--

SELECT pg_catalog.setval('public.products_id_seq', 1, false);


--
-- Name: stores_id_seq; Type: SEQUENCE SET; Schema: public; Owner: nramseylocal
--

SELECT pg_catalog.setval('public.stores_id_seq', 1, false);


--
-- Name: timecards_id_seq; Type: SEQUENCE SET; Schema: public; Owner: nramseylocal
--

SELECT pg_catalog.setval('public.timecards_id_seq', 8, true);


--
-- Name: ar_internal_metadata ar_internal_metadata_pkey; Type: CONSTRAINT; Schema: public; Owner: nramseylocal
--

ALTER TABLE ONLY public.ar_internal_metadata
    ADD CONSTRAINT ar_internal_metadata_pkey PRIMARY KEY (key);


--
-- Name: employees employees_pkey; Type: CONSTRAINT; Schema: public; Owner: nramseylocal
--

ALTER TABLE ONLY public.employees
    ADD CONSTRAINT employees_pkey PRIMARY KEY (id);


--
-- Name: orders orders_pkey; Type: CONSTRAINT; Schema: public; Owner: nramseylocal
--

ALTER TABLE ONLY public.orders
    ADD CONSTRAINT orders_pkey PRIMARY KEY (id);


--
-- Name: products products_pkey; Type: CONSTRAINT; Schema: public; Owner: nramseylocal
--

ALTER TABLE ONLY public.products
    ADD CONSTRAINT products_pkey PRIMARY KEY (id);


--
-- Name: schema_migrations schema_migrations_pkey; Type: CONSTRAINT; Schema: public; Owner: nramseylocal
--

ALTER TABLE ONLY public.schema_migrations
    ADD CONSTRAINT schema_migrations_pkey PRIMARY KEY (version);


--
-- Name: stores stores_pkey; Type: CONSTRAINT; Schema: public; Owner: nramseylocal
--

ALTER TABLE ONLY public.stores
    ADD CONSTRAINT stores_pkey PRIMARY KEY (id);


--
-- Name: timecards timecards_pkey; Type: CONSTRAINT; Schema: public; Owner: nramseylocal
--

ALTER TABLE ONLY public.timecards
    ADD CONSTRAINT timecards_pkey PRIMARY KEY (id);


--
-- Name: timecards fk_rails_5824c4649c; Type: FK CONSTRAINT; Schema: public; Owner: nramseylocal
--

ALTER TABLE ONLY public.timecards
    ADD CONSTRAINT fk_rails_5824c4649c FOREIGN KEY (store_id) REFERENCES public.stores(id);


--
-- Name: employees fk_rails_b82b548cdd; Type: FK CONSTRAINT; Schema: public; Owner: nramseylocal
--

ALTER TABLE ONLY public.employees
    ADD CONSTRAINT fk_rails_b82b548cdd FOREIGN KEY (store_id) REFERENCES public.stores(id);


--
-- Name: orders fk_rails_dfb33b2de0; Type: FK CONSTRAINT; Schema: public; Owner: nramseylocal
--

ALTER TABLE ONLY public.orders
    ADD CONSTRAINT fk_rails_dfb33b2de0 FOREIGN KEY (product_id) REFERENCES public.products(id);


--
-- Name: orders fk_rails_f0be2fda72; Type: FK CONSTRAINT; Schema: public; Owner: nramseylocal
--

ALTER TABLE ONLY public.orders
    ADD CONSTRAINT fk_rails_f0be2fda72 FOREIGN KEY (store_id) REFERENCES public.stores(id);


--
-- Name: timecards fk_rails_f19b2b06bc; Type: FK CONSTRAINT; Schema: public; Owner: nramseylocal
--

ALTER TABLE ONLY public.timecards
    ADD CONSTRAINT fk_rails_f19b2b06bc FOREIGN KEY (employee_id) REFERENCES public.employees(id);


--
-- PostgreSQL database dump complete
--

