--
-- PostgreSQL database dump
--

-- Dumped from database version 11.4
-- Dumped by pg_dump version 11.4

SET statement_timeout = 0;
SET lock_timeout = 0;
SET idle_in_transaction_session_timeout = 0;
SET client_encoding = 'UTF8';
SET standard_conforming_strings = on;
SELECT pg_catalog.set_config('search_path', '', false);
SET check_function_bodies = false;
SET xmloption = content;
SET client_min_messages = warning;
SET row_security = off;

SET default_tablespace = '';

SET default_with_oids = false;

--
-- Name: ar_internal_metadata; Type: TABLE; Schema: public; Owner: nramseylocal
--

CREATE TABLE public.ar_internal_metadata (
    key character varying NOT NULL,
    value character varying,
    created_at timestamp without time zone NOT NULL,
    updated_at timestamp without time zone NOT NULL
);


ALTER TABLE public.ar_internal_metadata OWNER TO nramseylocal;

--
-- Name: employees; Type: TABLE; Schema: public; Owner: nramseylocal
--

CREATE TABLE public.employees (
    id bigint NOT NULL,
    name character varying,
    wage numeric,
    store_id integer,
    created_at timestamp without time zone NOT NULL,
    updated_at timestamp without time zone NOT NULL
);


ALTER TABLE public.employees OWNER TO nramseylocal;

--
-- Name: employees_id_seq; Type: SEQUENCE; Schema: public; Owner: nramseylocal
--

CREATE SEQUENCE public.employees_id_seq
    START WITH 1
    INCREMENT BY 1
    NO MINVALUE
    NO MAXVALUE
    CACHE 1;


ALTER TABLE public.employees_id_seq OWNER TO nramseylocal;

--
-- Name: employees_id_seq; Type: SEQUENCE OWNED BY; Schema: public; Owner: nramseylocal
--

ALTER SEQUENCE public.employees_id_seq OWNED BY public.employees.id;


--
-- Name: orders; Type: TABLE; Schema: public; Owner: nramseylocal
--

CREATE TABLE public.orders (
    id bigint NOT NULL,
    store_id integer,
    product_id integer,
    day date,
    created_at timestamp without time zone NOT NULL,
    updated_at timestamp without time zone NOT NULL
);


ALTER TABLE public.orders OWNER TO nramseylocal;

--
-- Name: orders_id_seq; Type: SEQUENCE; Schema: public; Owner: nramseylocal
--

CREATE SEQUENCE public.orders_id_seq
    START WITH 1
    INCREMENT BY 1
    NO MINVALUE
    NO MAXVALUE
    CACHE 1;


ALTER TABLE public.orders_id_seq OWNER TO nramseylocal;

--
-- Name: orders_id_seq; Type: SEQUENCE OWNED BY; Schema: public; Owner: nramseylocal
--

ALTER SEQUENCE public.orders_id_seq OWNED BY public.orders.id;


--
-- Name: products; Type: TABLE; Schema: public; Owner: nramseylocal
--

CREATE TABLE public.products (
    id bigint NOT NULL,
    name character varying,
    materials character varying,
    cost numeric,
    price numeric,
    created_at timestamp without time zone NOT NULL,
    updated_at timestamp without time zone NOT NULL
);


ALTER TABLE public.products OWNER TO nramseylocal;

--
-- Name: products_id_seq; Type: SEQUENCE; Schema: public; Owner: nramseylocal
--

CREATE SEQUENCE public.products_id_seq
    START WITH 1
    INCREMENT BY 1
    NO MINVALUE
    NO MAXVALUE
    CACHE 1;


ALTER TABLE public.products_id_seq OWNER TO nramseylocal;

--
-- Name: products_id_seq; Type: SEQUENCE OWNED BY; Schema: public; Owner: nramseylocal
--

ALTER SEQUENCE public.products_id_seq OWNED BY public.products.id;


--
-- Name: schema_migrations; Type: TABLE; Schema: public; Owner: nramseylocal
--

CREATE TABLE public.schema_migrations (
    version character varying NOT NULL
);


ALTER TABLE public.schema_migrations OWNER TO nramseylocal;

--
-- Name: stores; Type: TABLE; Schema: public; Owner: nramseylocal
--

CREATE TABLE public.stores (
    id bigint NOT NULL,
    name character varying,
    created_at timestamp without time zone NOT NULL,
    updated_at timestamp without time zone NOT NULL
);


ALTER TABLE public.stores OWNER TO nramseylocal;

--
-- Name: stores_id_seq; Type: SEQUENCE; Schema: public; Owner: nramseylocal
--

CREATE SEQUENCE public.stores_id_seq
    START WITH 1
    INCREMENT BY 1
    NO MINVALUE
    NO MAXVALUE
    CACHE 1;


ALTER TABLE public.stores_id_seq OWNER TO nramseylocal;

--
-- Name: stores_id_seq; Type: SEQUENCE OWNED BY; Schema: public; Owner: nramseylocal
--

ALTER SEQUENCE public.stores_id_seq OWNED BY public.stores.id;


--
-- Name: timecards; Type: TABLE; Schema: public; Owner: nramseylocal
--

CREATE TABLE public.timecards (
    id bigint NOT NULL,
    day date,
    store_id integer,
    employee_id integer,
    hours numeric,
    created_at timestamp without time zone NOT NULL,
    updated_at timestamp without time zone NOT NULL
);


ALTER TABLE public.timecards OWNER TO nramseylocal;

--
-- Name: timecards_id_seq; Type: SEQUENCE; Schema: public; Owner: nramseylocal
--

CREATE SEQUENCE public.timecards_id_seq
    START WITH 1
    INCREMENT BY 1
    NO MINVALUE
    NO MAXVALUE
    CACHE 1;


ALTER TABLE public.timecards_id_seq OWNER TO nramseylocal;

--
-- Name: timecards_id_seq; Type: SEQUENCE OWNED BY; Schema: public; Owner: nramseylocal
--

ALTER SEQUENCE public.timecards_id_seq OWNED BY public.timecards.id;


--
-- Name: employees id; Type: DEFAULT; Schema: public; Owner: nramseylocal
--

ALTER TABLE ONLY public.employees ALTER COLUMN id SET DEFAULT nextval('public.employees_id_seq'::regclass);


--
-- Name: orders id; Type: DEFAULT; Schema: public; Owner: nramseylocal
--

ALTER TABLE ONLY public.orders ALTER COLUMN id SET DEFAULT nextval('public.orders_id_seq'::regclass);


--
-- Name: products id; Type: DEFAULT; Schema: public; Owner: nramseylocal
--

ALTER TABLE ONLY public.products ALTER COLUMN id SET DEFAULT nextval('public.products_id_seq'::regclass);


--
-- Name: stores id; Type: DEFAULT; Schema: public; Owner: nramseylocal
--

ALTER TABLE ONLY public.stores ALTER COLUMN id SET DEFAULT nextval('public.stores_id_seq'::regclass);


--
-- Name: timecards id; Type: DEFAULT; Schema: public; Owner: nramseylocal
--

ALTER TABLE ONLY public.timecards ALTER COLUMN id SET DEFAULT nextval('public.timecards_id_seq'::regclass);


--
-- Data for Name: ar_internal_metadata; Type: TABLE DATA; Schema: public; Owner: nramseylocal
--

COPY public.ar_internal_metadata (key, value, created_at, updated_at) FROM stdin;
environment	development	2019-10-06 06:52:55.806565	2019-10-06 06:52:55.806565
\.


--
-- Data for Name: employees; Type: TABLE DATA; Schema: public; Owner: nramseylocal
--

COPY public.employees (id, name, wage, store_id, created_at, updated_at) FROM stdin;
1	Giani Chau	12.0	1	2019-10-06 07:41:35.858653	2019-10-06 07:41:35.858653
2	Alyssa Fowler	12.5	1	2019-10-06 07:41:35.872512	2019-10-06 07:41:35.872512
3	Dimitri Gower	12.0	1	2019-10-06 07:41:35.87701	2019-10-06 07:41:35.87701
4	Kian Laird	12.0	1	2019-10-06 07:41:35.881778	2019-10-06 07:41:35.881778
5	Cosmo Neames	12.0	1	2019-10-06 07:41:35.887127	2019-10-06 07:41:35.887127
6	Gabriel Quigley	13.5	1	2019-10-06 07:41:35.891149	2019-10-06 07:41:35.891149
7	Jacob Snook	12.0	1	2019-10-06 07:41:35.894996	2019-10-06 07:41:35.894996
8	Justin Boynes	11.5	2	2019-10-06 07:41:35.899132	2019-10-06 07:41:35.899132
9	Anni Chaogi	12.0	2	2019-10-06 07:41:35.906677	2019-10-06 07:41:35.906677
10	Dimitri Gower	12.0	2	2019-10-06 07:41:35.917243	2019-10-06 07:41:35.917243
11	Monica Horn	12.0	2	2019-10-06 07:41:35.924461	2019-10-06 07:41:35.924461
12	Sebastian Mendoza	12.0	2	2019-10-06 07:41:35.928753	2019-10-06 07:41:35.928753
13	Alan Morales	12.0	2	2019-10-06 07:41:35.933123	2019-10-06 07:41:35.933123
14	Trent Nielsen	11.5	2	2019-10-06 07:41:35.937188	2019-10-06 07:41:35.937188
15	Andrew Baker	12.0	3	2019-10-06 07:41:35.942967	2019-10-06 07:41:35.942967
16	Alex Davis	14.0	3	2019-10-06 07:41:35.94857	2019-10-06 07:41:35.94857
17	Maisy Leath	12.0	3	2019-10-06 07:41:35.952988	2019-10-06 07:41:35.952988
18	Cosmo Neames	12.0	3	2019-10-06 07:41:35.958213	2019-10-06 07:41:35.958213
19	Jamie Nichols	12.0	3	2019-10-06 07:41:35.96514	2019-10-06 07:41:35.96514
20	Jacob Snook	12.0	3	2019-10-06 07:41:35.971186	2019-10-06 07:41:35.971186
21	Ashley Amstutz	12.0	4	2019-10-06 07:41:35.977733	2019-10-06 07:41:35.977733
22	Dimitri Gower	12.0	4	2019-10-06 07:41:35.985913	2019-10-06 07:41:35.985913
23	Bailey Hedden	12.0	4	2019-10-06 07:41:35.990214	2019-10-06 07:41:35.990214
24	Remo Judd	12.0	4	2019-10-06 07:41:35.99828	2019-10-06 07:41:35.99828
25	Xander Lynde	12.0	4	2019-10-06 07:41:36.005355	2019-10-06 07:41:36.005355
26	Morgan Scott	12.5	4	2019-10-06 07:41:36.010334	2019-10-06 07:41:36.010334
27	Keith Thomas	12.5	4	2019-10-06 07:41:36.014773	2019-10-06 07:41:36.014773
\.


--
-- Data for Name: orders; Type: TABLE DATA; Schema: public; Owner: nramseylocal
--

COPY public.orders (id, store_id, product_id, day, created_at, updated_at) FROM stdin;
1	1	1	2019-07-10	2019-10-07 08:56:43.869605	2019-10-07 08:56:43.869605
2	1	1	2019-07-10	2019-10-07 08:56:43.943936	2019-10-07 08:56:43.943936
3	1	1	2019-07-10	2019-10-07 08:56:43.948889	2019-10-07 08:56:43.948889
4	1	3	2019-07-10	2019-10-07 08:56:43.952675	2019-10-07 08:56:43.952675
5	1	3	2019-07-10	2019-10-07 08:56:43.961771	2019-10-07 08:56:43.961771
6	1	3	2019-07-10	2019-10-07 08:56:43.965503	2019-10-07 08:56:43.965503
7	1	3	2019-07-10	2019-10-07 08:56:43.968934	2019-10-07 08:56:43.968934
8	1	4	2019-07-10	2019-10-07 08:56:43.972877	2019-10-07 08:56:43.972877
9	1	4	2019-07-10	2019-10-07 08:56:43.97772	2019-10-07 08:56:43.97772
10	1	6	2019-07-10	2019-10-07 08:56:43.982069	2019-10-07 08:56:43.982069
11	1	6	2019-07-10	2019-10-07 08:56:43.988121	2019-10-07 08:56:43.988121
12	1	6	2019-07-10	2019-10-07 08:56:43.992751	2019-10-07 08:56:43.992751
13	1	6	2019-07-10	2019-10-07 08:56:43.997591	2019-10-07 08:56:43.997591
14	1	6	2019-07-10	2019-10-07 08:56:44.001356	2019-10-07 08:56:44.001356
15	1	7	2019-07-10	2019-10-07 08:56:44.005211	2019-10-07 08:56:44.005211
16	1	7	2019-07-10	2019-10-07 08:56:44.009836	2019-10-07 08:56:44.009836
17	1	9	2019-07-10	2019-10-07 08:56:44.013686	2019-10-07 08:56:44.013686
18	1	12	2019-07-10	2019-10-07 08:56:44.016982	2019-10-07 08:56:44.016982
19	1	12	2019-07-10	2019-10-07 08:56:44.020074	2019-10-07 08:56:44.020074
20	1	15	2019-07-10	2019-10-07 08:56:44.029692	2019-10-07 08:56:44.029692
21	1	18	2019-07-10	2019-10-07 08:56:44.033407	2019-10-07 08:56:44.033407
22	1	21	2019-07-10	2019-10-07 08:56:44.037336	2019-10-07 08:56:44.037336
23	1	21	2019-07-10	2019-10-07 08:56:44.040914	2019-10-07 08:56:44.040914
24	1	24	2019-07-10	2019-10-07 08:56:44.044991	2019-10-07 08:56:44.044991
25	1	24	2019-07-10	2019-10-07 08:56:44.049165	2019-10-07 08:56:44.049165
26	1	24	2019-07-10	2019-10-07 08:56:44.052911	2019-10-07 08:56:44.052911
27	1	25	2019-07-10	2019-10-07 08:56:44.05667	2019-10-07 08:56:44.05667
28	1	27	2019-07-10	2019-10-07 08:56:44.062365	2019-10-07 08:56:44.062365
29	1	27	2019-07-10	2019-10-07 08:56:44.067039	2019-10-07 08:56:44.067039
30	1	27	2019-07-10	2019-10-07 08:56:44.07107	2019-10-07 08:56:44.07107
31	1	30	2019-07-10	2019-10-07 08:56:44.075481	2019-10-07 08:56:44.075481
32	1	31	2019-07-10	2019-10-07 08:56:44.081198	2019-10-07 08:56:44.081198
33	1	34	2019-07-10	2019-10-07 08:56:44.085343	2019-10-07 08:56:44.085343
34	1	36	2019-07-10	2019-10-07 08:56:44.088983	2019-10-07 08:56:44.088983
35	1	37	2019-07-10	2019-10-07 08:56:44.092715	2019-10-07 08:56:44.092715
36	1	39	2019-07-10	2019-10-07 08:56:44.096994	2019-10-07 08:56:44.096994
37	1	39	2019-07-10	2019-10-07 08:56:44.100869	2019-10-07 08:56:44.100869
38	1	39	2019-07-10	2019-10-07 08:56:44.104496	2019-10-07 08:56:44.104496
39	1	40	2019-07-10	2019-10-07 08:56:44.108129	2019-10-07 08:56:44.108129
40	1	40	2019-07-10	2019-10-07 08:56:44.11274	2019-10-07 08:56:44.11274
41	1	42	2019-07-10	2019-10-07 08:56:44.116172	2019-10-07 08:56:44.116172
42	1	43	2019-07-10	2019-10-07 08:56:44.119659	2019-10-07 08:56:44.119659
43	1	46	2019-07-10	2019-10-07 08:56:44.123187	2019-10-07 08:56:44.123187
44	1	48	2019-07-10	2019-10-07 08:56:44.129158	2019-10-07 08:56:44.129158
45	1	1	2019-07-10	2019-10-07 08:56:44.133407	2019-10-07 08:56:44.133407
46	1	1	2019-07-10	2019-10-07 08:56:44.137242	2019-10-07 08:56:44.137242
47	1	1	2019-07-10	2019-10-07 08:56:44.141203	2019-10-07 08:56:44.141203
48	1	1	2019-07-10	2019-10-07 08:56:44.146724	2019-10-07 08:56:44.146724
49	1	3	2019-07-10	2019-10-07 08:56:44.150612	2019-10-07 08:56:44.150612
50	1	3	2019-07-10	2019-10-07 08:56:44.154384	2019-10-07 08:56:44.154384
51	1	3	2019-07-10	2019-10-07 08:56:44.158938	2019-10-07 08:56:44.158938
52	1	4	2019-07-10	2019-10-07 08:56:44.162832	2019-10-07 08:56:44.162832
53	1	4	2019-07-10	2019-10-07 08:56:44.16618	2019-10-07 08:56:44.16618
54	1	4	2019-07-10	2019-10-07 08:56:44.16967	2019-10-07 08:56:44.16967
55	1	6	2019-07-10	2019-10-07 08:56:44.173301	2019-10-07 08:56:44.173301
56	1	6	2019-07-10	2019-10-07 08:56:44.178822	2019-10-07 08:56:44.178822
57	1	6	2019-07-10	2019-10-07 08:56:44.183855	2019-10-07 08:56:44.183855
58	1	6	2019-07-10	2019-10-07 08:56:44.188389	2019-10-07 08:56:44.188389
59	1	7	2019-07-10	2019-10-07 08:56:44.193853	2019-10-07 08:56:44.193853
60	1	9	2019-07-10	2019-10-07 08:56:44.198061	2019-10-07 08:56:44.198061
61	1	10	2019-07-10	2019-10-07 08:56:44.201824	2019-10-07 08:56:44.201824
62	1	12	2019-07-10	2019-10-07 08:56:44.205681	2019-10-07 08:56:44.205681
63	1	12	2019-07-10	2019-10-07 08:56:44.209742	2019-10-07 08:56:44.209742
64	1	18	2019-07-10	2019-10-07 08:56:44.214326	2019-10-07 08:56:44.214326
65	1	18	2019-07-10	2019-10-07 08:56:44.218379	2019-10-07 08:56:44.218379
66	1	18	2019-07-10	2019-10-07 08:56:44.224169	2019-10-07 08:56:44.224169
67	1	20	2019-07-10	2019-10-07 08:56:44.233305	2019-10-07 08:56:44.233305
68	1	21	2019-07-10	2019-10-07 08:56:44.24289	2019-10-07 08:56:44.24289
69	1	22	2019-07-10	2019-10-07 08:56:44.251129	2019-10-07 08:56:44.251129
70	1	24	2019-07-10	2019-10-07 08:56:44.259284	2019-10-07 08:56:44.259284
71	1	24	2019-07-10	2019-10-07 08:56:44.26462	2019-10-07 08:56:44.26462
72	1	24	2019-07-10	2019-10-07 08:56:44.268548	2019-10-07 08:56:44.268548
73	1	24	2019-07-10	2019-10-07 08:56:44.272694	2019-10-07 08:56:44.272694
74	1	27	2019-07-10	2019-10-07 08:56:44.280439	2019-10-07 08:56:44.280439
75	1	27	2019-07-10	2019-10-07 08:56:44.284262	2019-10-07 08:56:44.284262
76	1	27	2019-07-10	2019-10-07 08:56:44.288204	2019-10-07 08:56:44.288204
77	1	33	2019-07-10	2019-10-07 08:56:44.303838	2019-10-07 08:56:44.303838
78	1	34	2019-07-10	2019-10-07 08:56:44.308251	2019-10-07 08:56:44.308251
79	1	34	2019-07-10	2019-10-07 08:56:44.312743	2019-10-07 08:56:44.312743
80	1	36	2019-07-10	2019-10-07 08:56:44.316061	2019-10-07 08:56:44.316061
81	1	36	2019-07-10	2019-10-07 08:56:44.319902	2019-10-07 08:56:44.319902
82	1	36	2019-07-10	2019-10-07 08:56:44.323989	2019-10-07 08:56:44.323989
83	1	40	2019-07-10	2019-10-07 08:56:44.329688	2019-10-07 08:56:44.329688
84	1	40	2019-07-10	2019-10-07 08:56:44.333383	2019-10-07 08:56:44.333383
85	1	42	2019-07-10	2019-10-07 08:56:44.336955	2019-10-07 08:56:44.336955
86	1	43	2019-07-10	2019-10-07 08:56:44.340671	2019-10-07 08:56:44.340671
87	1	43	2019-07-10	2019-10-07 08:56:44.344711	2019-10-07 08:56:44.344711
88	1	43	2019-07-10	2019-10-07 08:56:44.349125	2019-10-07 08:56:44.349125
89	1	45	2019-07-10	2019-10-07 08:56:44.35291	2019-10-07 08:56:44.35291
90	1	46	2019-07-10	2019-10-07 08:56:44.356011	2019-10-07 08:56:44.356011
91	1	46	2019-07-10	2019-10-07 08:56:44.36719	2019-10-07 08:56:44.36719
92	1	1	2019-07-10	2019-10-07 08:56:44.372684	2019-10-07 08:56:44.372684
93	1	3	2019-07-10	2019-10-07 08:56:44.378997	2019-10-07 08:56:44.378997
94	1	3	2019-07-10	2019-10-07 08:56:44.384382	2019-10-07 08:56:44.384382
95	1	3	2019-07-10	2019-10-07 08:56:44.388867	2019-10-07 08:56:44.388867
96	1	4	2019-07-10	2019-10-07 08:56:44.39353	2019-10-07 08:56:44.39353
97	1	4	2019-07-10	2019-10-07 08:56:44.397815	2019-10-07 08:56:44.397815
98	1	6	2019-07-10	2019-10-07 08:56:44.402868	2019-10-07 08:56:44.402868
99	1	6	2019-07-10	2019-10-07 08:56:44.413085	2019-10-07 08:56:44.413085
100	1	6	2019-07-10	2019-10-07 08:56:44.417222	2019-10-07 08:56:44.417222
101	1	6	2019-07-10	2019-10-07 08:56:44.4213	2019-10-07 08:56:44.4213
102	1	6	2019-07-10	2019-10-07 08:56:44.431048	2019-10-07 08:56:44.431048
103	1	7	2019-07-10	2019-10-07 08:56:44.435336	2019-10-07 08:56:44.435336
104	1	7	2019-07-10	2019-10-07 08:56:44.439622	2019-10-07 08:56:44.439622
105	1	9	2019-07-10	2019-10-07 08:56:44.443898	2019-10-07 08:56:44.443898
106	1	9	2019-07-10	2019-10-07 08:56:44.449164	2019-10-07 08:56:44.449164
107	1	9	2019-07-10	2019-10-07 08:56:44.453758	2019-10-07 08:56:44.453758
108	1	9	2019-07-10	2019-10-07 08:56:44.461571	2019-10-07 08:56:44.461571
109	1	9	2019-07-10	2019-10-07 08:56:44.471957	2019-10-07 08:56:44.471957
110	2	10	2019-07-10	2019-10-07 08:56:44.479753	2019-10-07 08:56:44.479753
111	2	12	2019-07-10	2019-10-07 08:56:44.483904	2019-10-07 08:56:44.483904
112	2	12	2019-07-10	2019-10-07 08:56:44.488313	2019-10-07 08:56:44.488313
113	2	12	2019-07-10	2019-10-07 08:56:44.493816	2019-10-07 08:56:44.493816
114	2	16	2019-07-10	2019-10-07 08:56:44.498096	2019-10-07 08:56:44.498096
115	2	22	2019-07-10	2019-10-07 08:56:44.502163	2019-10-07 08:56:44.502163
116	2	22	2019-07-10	2019-10-07 08:56:44.506285	2019-10-07 08:56:44.506285
117	2	24	2019-07-10	2019-10-07 08:56:44.524751	2019-10-07 08:56:44.524751
118	2	24	2019-07-10	2019-10-07 08:56:44.53428	2019-10-07 08:56:44.53428
119	2	25	2019-07-10	2019-10-07 08:56:44.538553	2019-10-07 08:56:44.538553
120	2	25	2019-07-10	2019-10-07 08:56:44.544656	2019-10-07 08:56:44.544656
121	2	27	2019-07-10	2019-10-07 08:56:44.549309	2019-10-07 08:56:44.549309
122	2	27	2019-07-10	2019-10-07 08:56:44.554983	2019-10-07 08:56:44.554983
123	2	31	2019-07-10	2019-10-07 08:56:44.561471	2019-10-07 08:56:44.561471
124	2	33	2019-07-10	2019-10-07 08:56:44.565997	2019-10-07 08:56:44.565997
125	2	34	2019-07-10	2019-10-07 08:56:44.570397	2019-10-07 08:56:44.570397
126	2	34	2019-07-10	2019-10-07 08:56:44.574917	2019-10-07 08:56:44.574917
127	2	34	2019-07-10	2019-10-07 08:56:44.579378	2019-10-07 08:56:44.579378
128	2	36	2019-07-10	2019-10-07 08:56:44.585363	2019-10-07 08:56:44.585363
129	2	36	2019-07-10	2019-10-07 08:56:44.590364	2019-10-07 08:56:44.590364
130	2	36	2019-07-10	2019-10-07 08:56:44.596514	2019-10-07 08:56:44.596514
131	2	36	2019-07-10	2019-10-07 08:56:44.600408	2019-10-07 08:56:44.600408
132	2	39	2019-07-10	2019-10-07 08:56:44.604757	2019-10-07 08:56:44.604757
133	2	39	2019-07-10	2019-10-07 08:56:44.614676	2019-10-07 08:56:44.614676
134	2	39	2019-07-10	2019-10-07 08:56:44.618585	2019-10-07 08:56:44.618585
135	2	42	2019-07-10	2019-10-07 08:56:44.627437	2019-10-07 08:56:44.627437
136	2	42	2019-07-10	2019-10-07 08:56:44.632574	2019-10-07 08:56:44.632574
137	2	43	2019-07-10	2019-10-07 08:56:44.636511	2019-10-07 08:56:44.636511
138	2	48	2019-07-10	2019-10-07 08:56:44.640451	2019-10-07 08:56:44.640451
139	2	48	2019-07-10	2019-10-07 08:56:44.646555	2019-10-07 08:56:44.646555
140	2	1	2019-07-10	2019-10-07 08:56:44.650514	2019-10-07 08:56:44.650514
141	2	4	2019-07-10	2019-10-07 08:56:44.654243	2019-10-07 08:56:44.654243
142	2	4	2019-07-10	2019-10-07 08:56:44.658092	2019-10-07 08:56:44.658092
143	2	5	2019-07-10	2019-10-07 08:56:44.663635	2019-10-07 08:56:44.663635
144	2	6	2019-07-10	2019-10-07 08:56:44.667541	2019-10-07 08:56:44.667541
145	2	6	2019-07-10	2019-10-07 08:56:44.671755	2019-10-07 08:56:44.671755
146	2	6	2019-07-10	2019-10-07 08:56:44.67656	2019-10-07 08:56:44.67656
147	2	7	2019-07-10	2019-10-07 08:56:44.680481	2019-10-07 08:56:44.680481
148	2	7	2019-07-10	2019-10-07 08:56:44.68579	2019-10-07 08:56:44.68579
149	2	12	2019-07-10	2019-10-07 08:56:44.698122	2019-10-07 08:56:44.698122
150	2	18	2019-07-10	2019-10-07 08:56:44.707944	2019-10-07 08:56:44.707944
151	2	22	2019-07-10	2019-10-07 08:56:44.713862	2019-10-07 08:56:44.713862
152	2	48	2019-07-10	2019-10-07 08:56:44.717907	2019-10-07 08:56:44.717907
153	2	1	2019-07-10	2019-10-07 08:56:44.722108	2019-10-07 08:56:44.722108
154	2	3	2019-07-10	2019-10-07 08:56:44.726263	2019-10-07 08:56:44.726263
155	2	3	2019-07-10	2019-10-07 08:56:44.730465	2019-10-07 08:56:44.730465
156	2	4	2019-07-10	2019-10-07 08:56:44.734563	2019-10-07 08:56:44.734563
157	2	4	2019-07-10	2019-10-07 08:56:44.738761	2019-10-07 08:56:44.738761
158	2	7	2019-07-10	2019-10-07 08:56:44.742752	2019-10-07 08:56:44.742752
159	2	7	2019-07-10	2019-10-07 08:56:44.748926	2019-10-07 08:56:44.748926
160	2	11	2019-07-10	2019-10-07 08:56:44.753127	2019-10-07 08:56:44.753127
161	2	12	2019-07-10	2019-10-07 08:56:44.757157	2019-10-07 08:56:44.757157
162	2	12	2019-07-10	2019-10-07 08:56:44.762905	2019-10-07 08:56:44.762905
163	2	15	2019-07-10	2019-10-07 08:56:44.767884	2019-10-07 08:56:44.767884
164	2	16	2019-07-10	2019-10-07 08:56:44.772122	2019-10-07 08:56:44.772122
165	2	18	2019-07-10	2019-10-07 08:56:44.777951	2019-10-07 08:56:44.777951
166	2	21	2019-07-10	2019-10-07 08:56:44.782243	2019-10-07 08:56:44.782243
167	2	21	2019-07-10	2019-10-07 08:56:44.786176	2019-10-07 08:56:44.786176
168	2	22	2019-07-10	2019-10-07 08:56:44.790084	2019-10-07 08:56:44.790084
169	2	22	2019-07-10	2019-10-07 08:56:44.794331	2019-10-07 08:56:44.794331
170	2	24	2019-07-10	2019-10-07 08:56:44.799093	2019-10-07 08:56:44.799093
171	2	24	2019-07-10	2019-10-07 08:56:44.802968	2019-10-07 08:56:44.802968
172	2	28	2019-07-10	2019-10-07 08:56:44.806801	2019-10-07 08:56:44.806801
173	2	30	2019-07-10	2019-10-07 08:56:44.812491	2019-10-07 08:56:44.812491
174	2	36	2019-07-10	2019-10-07 08:56:44.816041	2019-10-07 08:56:44.816041
175	2	40	2019-07-10	2019-10-07 08:56:44.819783	2019-10-07 08:56:44.819783
176	2	43	2019-07-10	2019-10-07 08:56:44.823999	2019-10-07 08:56:44.823999
177	2	43	2019-07-10	2019-10-07 08:56:44.829223	2019-10-07 08:56:44.829223
178	2	43	2019-07-10	2019-10-07 08:56:44.833044	2019-10-07 08:56:44.833044
179	2	45	2019-07-10	2019-10-07 08:56:44.836669	2019-10-07 08:56:44.836669
180	2	1	2019-07-10	2019-10-07 08:56:44.840437	2019-10-07 08:56:44.840437
181	2	3	2019-07-10	2019-10-07 08:56:44.846377	2019-10-07 08:56:44.846377
182	2	4	2019-07-10	2019-10-07 08:56:44.850305	2019-10-07 08:56:44.850305
183	2	4	2019-07-10	2019-10-07 08:56:44.854381	2019-10-07 08:56:44.854381
184	2	4	2019-07-10	2019-10-07 08:56:44.858213	2019-10-07 08:56:44.858213
185	2	6	2019-07-10	2019-10-07 08:56:44.862706	2019-10-07 08:56:44.862706
186	2	6	2019-07-10	2019-10-07 08:56:44.866082	2019-10-07 08:56:44.866082
187	2	6	2019-07-10	2019-10-07 08:56:44.869737	2019-10-07 08:56:44.869737
188	2	6	2019-07-10	2019-10-07 08:56:44.87339	2019-10-07 08:56:44.87339
189	2	6	2019-07-10	2019-10-07 08:56:44.879554	2019-10-07 08:56:44.879554
190	2	6	2019-07-10	2019-10-07 08:56:44.883499	2019-10-07 08:56:44.883499
191	2	6	2019-07-10	2019-10-07 08:56:44.888158	2019-10-07 08:56:44.888158
192	2	7	2019-07-10	2019-10-07 08:56:44.897214	2019-10-07 08:56:44.897214
193	2	7	2019-07-10	2019-10-07 08:56:44.901435	2019-10-07 08:56:44.901435
194	2	9	2019-07-10	2019-10-07 08:56:44.905417	2019-10-07 08:56:44.905417
195	2	9	2019-07-10	2019-10-07 08:56:44.909459	2019-10-07 08:56:44.909459
196	2	9	2019-07-10	2019-10-07 08:56:44.913716	2019-10-07 08:56:44.913716
197	2	22	2019-07-10	2019-10-07 08:56:44.917553	2019-10-07 08:56:44.917553
198	2	22	2019-07-10	2019-10-07 08:56:44.922352	2019-10-07 08:56:44.922352
199	2	24	2019-07-10	2019-10-07 08:56:44.927898	2019-10-07 08:56:44.927898
200	2	25	2019-07-10	2019-10-07 08:56:44.932354	2019-10-07 08:56:44.932354
201	2	27	2019-07-10	2019-10-07 08:56:44.940936	2019-10-07 08:56:44.940936
202	2	27	2019-07-10	2019-10-07 08:56:44.945134	2019-10-07 08:56:44.945134
203	2	28	2019-07-10	2019-10-07 08:56:44.949122	2019-10-07 08:56:44.949122
204	2	33	2019-07-10	2019-10-07 08:56:44.952989	2019-10-07 08:56:44.952989
205	2	33	2019-07-10	2019-10-07 08:56:44.956771	2019-10-07 08:56:44.956771
206	2	34	2019-07-10	2019-10-07 08:56:44.96058	2019-10-07 08:56:44.96058
207	2	36	2019-07-10	2019-10-07 08:56:44.965007	2019-10-07 08:56:44.965007
208	2	42	2019-07-10	2019-10-07 08:56:44.968434	2019-10-07 08:56:44.968434
209	2	42	2019-07-10	2019-10-07 08:56:44.972279	2019-10-07 08:56:44.972279
210	2	45	2019-07-10	2019-10-07 08:56:44.976566	2019-10-07 08:56:44.976566
211	2	46	2019-07-10	2019-10-07 08:56:44.982484	2019-10-07 08:56:44.982484
212	2	1	2019-07-10	2019-10-07 08:56:44.986286	2019-10-07 08:56:44.986286
213	2	1	2019-07-10	2019-10-07 08:56:44.990044	2019-10-07 08:56:44.990044
214	2	3	2019-07-10	2019-10-07 08:56:44.995435	2019-10-07 08:56:44.995435
215	2	4	2019-07-10	2019-10-07 08:56:44.999528	2019-10-07 08:56:44.999528
216	2	4	2019-07-10	2019-10-07 08:56:45.003153	2019-10-07 08:56:45.003153
217	2	4	2019-07-10	2019-10-07 08:56:45.011581	2019-10-07 08:56:45.011581
218	2	4	2019-07-10	2019-10-07 08:56:45.015102	2019-10-07 08:56:45.015102
219	2	6	2019-07-10	2019-10-07 08:56:45.018663	2019-10-07 08:56:45.018663
220	2	6	2019-07-10	2019-10-07 08:56:45.022521	2019-10-07 08:56:45.022521
221	2	6	2019-07-10	2019-10-07 08:56:45.028168	2019-10-07 08:56:45.028168
222	2	6	2019-07-10	2019-10-07 08:56:45.032083	2019-10-07 08:56:45.032083
223	2	6	2019-07-10	2019-10-07 08:56:45.03594	2019-10-07 08:56:45.03594
224	2	9	2019-07-10	2019-10-07 08:56:45.039989	2019-10-07 08:56:45.039989
225	2	10	2019-07-10	2019-10-07 08:56:45.044109	2019-10-07 08:56:45.044109
226	2	10	2019-07-10	2019-10-07 08:56:45.048716	2019-10-07 08:56:45.048716
227	2	10	2019-07-10	2019-10-07 08:56:45.052457	2019-10-07 08:56:45.052457
228	2	12	2019-07-10	2019-10-07 08:56:45.056223	2019-10-07 08:56:45.056223
229	2	12	2019-07-10	2019-10-07 08:56:45.061808	2019-10-07 08:56:45.061808
230	2	12	2019-07-10	2019-10-07 08:56:45.065655	2019-10-07 08:56:45.065655
231	2	18	2019-07-10	2019-10-07 08:56:45.069452	2019-10-07 08:56:45.069452
232	2	21	2019-07-10	2019-10-07 08:56:45.074107	2019-10-07 08:56:45.074107
233	2	24	2019-07-10	2019-10-07 08:56:45.079884	2019-10-07 08:56:45.079884
234	2	24	2019-07-10	2019-10-07 08:56:45.084032	2019-10-07 08:56:45.084032
235	2	25	2019-07-10	2019-10-07 08:56:45.087899	2019-10-07 08:56:45.087899
236	2	27	2019-07-10	2019-10-07 08:56:45.091737	2019-10-07 08:56:45.091737
237	2	28	2019-07-10	2019-10-07 08:56:45.09589	2019-10-07 08:56:45.09589
238	2	30	2019-07-10	2019-10-07 08:56:45.099766	2019-10-07 08:56:45.099766
239	2	31	2019-07-10	2019-10-07 08:56:45.103516	2019-10-07 08:56:45.103516
240	2	33	2019-07-10	2019-10-07 08:56:45.107881	2019-10-07 08:56:45.107881
241	2	34	2019-07-10	2019-10-07 08:56:45.112331	2019-10-07 08:56:45.112331
242	2	36	2019-07-10	2019-10-07 08:56:45.11627	2019-10-07 08:56:45.11627
243	2	39	2019-07-10	2019-10-07 08:56:45.120061	2019-10-07 08:56:45.120061
244	2	39	2019-07-10	2019-10-07 08:56:45.123757	2019-10-07 08:56:45.123757
245	2	40	2019-07-10	2019-10-07 08:56:45.129118	2019-10-07 08:56:45.129118
246	2	40	2019-07-10	2019-10-07 08:56:45.133857	2019-10-07 08:56:45.133857
247	2	42	2019-07-10	2019-10-07 08:56:45.137707	2019-10-07 08:56:45.137707
248	2	42	2019-07-10	2019-10-07 08:56:45.141465	2019-10-07 08:56:45.141465
249	2	42	2019-07-10	2019-10-07 08:56:45.146854	2019-10-07 08:56:45.146854
250	2	42	2019-07-10	2019-10-07 08:56:45.150726	2019-10-07 08:56:45.150726
251	2	42	2019-07-10	2019-10-07 08:56:45.154486	2019-10-07 08:56:45.154486
252	2	45	2019-07-10	2019-10-07 08:56:45.158249	2019-10-07 08:56:45.158249
253	2	46	2019-07-10	2019-10-07 08:56:45.162818	2019-10-07 08:56:45.162818
254	2	1	2019-07-10	2019-10-07 08:56:45.166089	2019-10-07 08:56:45.166089
255	2	1	2019-07-10	2019-10-07 08:56:45.16956	2019-10-07 08:56:45.16956
256	2	1	2019-07-10	2019-10-07 08:56:45.173028	2019-10-07 08:56:45.173028
257	2	1	2019-07-10	2019-10-07 08:56:45.178447	2019-10-07 08:56:45.178447
258	2	3	2019-07-10	2019-10-07 08:56:45.18248	2019-10-07 08:56:45.18248
259	2	3	2019-07-10	2019-10-07 08:56:45.186433	2019-10-07 08:56:45.186433
260	2	3	2019-07-10	2019-10-07 08:56:45.190166	2019-10-07 08:56:45.190166
261	2	3	2019-07-10	2019-10-07 08:56:45.194687	2019-10-07 08:56:45.194687
262	2	4	2019-07-10	2019-10-07 08:56:45.198607	2019-10-07 08:56:45.198607
263	2	4	2019-07-10	2019-10-07 08:56:45.202136	2019-10-07 08:56:45.202136
264	2	4	2019-07-10	2019-10-07 08:56:45.205687	2019-10-07 08:56:45.205687
265	2	4	2019-07-10	2019-10-07 08:56:45.212369	2019-10-07 08:56:45.212369
266	2	4	2019-07-10	2019-10-07 08:56:45.216139	2019-10-07 08:56:45.216139
267	2	4	2019-07-10	2019-10-07 08:56:45.219954	2019-10-07 08:56:45.219954
268	2	4	2019-07-10	2019-10-07 08:56:45.224013	2019-10-07 08:56:45.224013
269	2	4	2019-07-10	2019-10-07 08:56:45.228468	2019-10-07 08:56:45.228468
270	2	4	2019-07-10	2019-10-07 08:56:45.232513	2019-10-07 08:56:45.232513
271	2	6	2019-07-10	2019-10-07 08:56:45.236181	2019-10-07 08:56:45.236181
272	2	6	2019-07-10	2019-10-07 08:56:45.239775	2019-10-07 08:56:45.239775
273	2	6	2019-07-10	2019-10-07 08:56:45.245814	2019-10-07 08:56:45.245814
274	2	6	2019-07-10	2019-10-07 08:56:45.249579	2019-10-07 08:56:45.249579
275	2	6	2019-07-10	2019-10-07 08:56:45.254666	2019-10-07 08:56:45.254666
276	2	6	2019-07-10	2019-10-07 08:56:45.259087	2019-10-07 08:56:45.259087
277	2	6	2019-07-10	2019-10-07 08:56:45.264304	2019-10-07 08:56:45.264304
278	2	6	2019-07-10	2019-10-07 08:56:45.268099	2019-10-07 08:56:45.268099
279	2	7	2019-07-10	2019-10-07 08:56:45.272005	2019-10-07 08:56:45.272005
280	2	7	2019-07-10	2019-10-07 08:56:45.27583	2019-10-07 08:56:45.27583
281	2	7	2019-07-10	2019-10-07 08:56:45.279838	2019-10-07 08:56:45.279838
282	2	9	2019-07-10	2019-10-07 08:56:45.283843	2019-10-07 08:56:45.283843
283	2	10	2019-07-10	2019-10-07 08:56:45.287574	2019-10-07 08:56:45.287574
284	2	11	2019-07-10	2019-10-07 08:56:45.291209	2019-10-07 08:56:45.291209
285	2	11	2019-07-10	2019-10-07 08:56:45.295774	2019-10-07 08:56:45.295774
286	2	12	2019-07-10	2019-10-07 08:56:45.299805	2019-10-07 08:56:45.299805
287	2	12	2019-07-10	2019-10-07 08:56:45.303534	2019-10-07 08:56:45.303534
288	2	12	2019-07-10	2019-10-07 08:56:45.307382	2019-10-07 08:56:45.307382
289	2	12	2019-07-10	2019-10-07 08:56:45.313501	2019-10-07 08:56:45.313501
290	2	13	2019-07-10	2019-10-07 08:56:45.317226	2019-10-07 08:56:45.317226
291	2	15	2019-07-10	2019-10-07 08:56:45.32089	2019-10-07 08:56:45.32089
292	2	15	2019-07-10	2019-10-07 08:56:45.324642	2019-10-07 08:56:45.324642
293	2	16	2019-07-10	2019-10-07 08:56:45.330488	2019-10-07 08:56:45.330488
294	2	24	2019-07-10	2019-10-07 08:56:45.334229	2019-10-07 08:56:45.334229
295	2	24	2019-07-10	2019-10-07 08:56:45.338024	2019-10-07 08:56:45.338024
296	2	25	2019-07-10	2019-10-07 08:56:45.341877	2019-10-07 08:56:45.341877
297	2	25	2019-07-10	2019-10-07 08:56:45.346741	2019-10-07 08:56:45.346741
298	2	27	2019-07-10	2019-10-07 08:56:45.350448	2019-10-07 08:56:45.350448
299	2	27	2019-07-10	2019-10-07 08:56:45.354152	2019-10-07 08:56:45.354152
300	2	30	2019-07-10	2019-10-07 08:56:45.358069	2019-10-07 08:56:45.358069
301	2	33	2019-07-10	2019-10-07 08:56:45.363413	2019-10-07 08:56:45.363413
302	2	33	2019-07-10	2019-10-07 08:56:45.366761	2019-10-07 08:56:45.366761
303	2	34	2019-07-10	2019-10-07 08:56:45.37052	2019-10-07 08:56:45.37052
304	2	34	2019-07-10	2019-10-07 08:56:45.375148	2019-10-07 08:56:45.375148
305	2	34	2019-07-10	2019-10-07 08:56:45.379249	2019-10-07 08:56:45.379249
306	2	36	2019-07-10	2019-10-07 08:56:45.382966	2019-10-07 08:56:45.382966
307	2	36	2019-07-10	2019-10-07 08:56:45.386523	2019-10-07 08:56:45.386523
308	2	37	2019-07-10	2019-10-07 08:56:45.390059	2019-10-07 08:56:45.390059
309	2	38	2019-07-10	2019-10-07 08:56:45.395718	2019-10-07 08:56:45.395718
310	2	40	2019-07-10	2019-10-07 08:56:45.399584	2019-10-07 08:56:45.399584
311	2	43	2019-07-10	2019-10-07 08:56:45.403357	2019-10-07 08:56:45.403357
312	2	43	2019-07-10	2019-10-07 08:56:45.407216	2019-10-07 08:56:45.407216
313	2	46	2019-07-10	2019-10-07 08:56:45.411137	2019-10-07 08:56:45.411137
314	2	46	2019-07-10	2019-10-07 08:56:45.415234	2019-10-07 08:56:45.415234
315	2	47	2019-07-10	2019-10-07 08:56:45.418774	2019-10-07 08:56:45.418774
316	2	48	2019-07-10	2019-10-07 08:56:45.423025	2019-10-07 08:56:45.423025
317	2	48	2019-07-10	2019-10-07 08:56:45.429162	2019-10-07 08:56:45.429162
318	2	1	2019-07-10	2019-10-07 08:56:45.433406	2019-10-07 08:56:45.433406
319	2	1	2019-07-10	2019-10-07 08:56:45.438401	2019-10-07 08:56:45.438401
320	2	1	2019-07-10	2019-10-07 08:56:45.443	2019-10-07 08:56:45.443
321	2	4	2019-07-10	2019-10-07 08:56:45.448315	2019-10-07 08:56:45.448315
322	2	4	2019-07-10	2019-10-07 08:56:45.452089	2019-10-07 08:56:45.452089
323	2	6	2019-07-10	2019-10-07 08:56:45.456875	2019-10-07 08:56:45.456875
324	2	6	2019-07-10	2019-10-07 08:56:45.471193	2019-10-07 08:56:45.471193
325	2	6	2019-07-10	2019-10-07 08:56:45.482185	2019-10-07 08:56:45.482185
326	2	6	2019-07-10	2019-10-07 08:56:45.486109	2019-10-07 08:56:45.486109
327	2	7	2019-07-10	2019-10-07 08:56:45.490081	2019-10-07 08:56:45.490081
328	2	9	2019-07-10	2019-10-07 08:56:45.49643	2019-10-07 08:56:45.49643
329	2	9	2019-07-10	2019-10-07 08:56:45.5008	2019-10-07 08:56:45.5008
330	2	9	2019-07-10	2019-10-07 08:56:45.504781	2019-10-07 08:56:45.504781
331	2	9	2019-07-10	2019-10-07 08:56:45.509226	2019-10-07 08:56:45.509226
332	2	12	2019-07-10	2019-10-07 08:56:45.514521	2019-10-07 08:56:45.514521
333	2	16	2019-07-10	2019-10-07 08:56:45.51815	2019-10-07 08:56:45.51815
334	2	16	2019-07-10	2019-10-07 08:56:45.522235	2019-10-07 08:56:45.522235
335	2	18	2019-07-10	2019-10-07 08:56:45.526681	2019-10-07 08:56:45.526681
336	2	19	2019-07-10	2019-10-07 08:56:45.531516	2019-10-07 08:56:45.531516
337	2	21	2019-07-10	2019-10-07 08:56:45.535482	2019-10-07 08:56:45.535482
338	2	21	2019-07-10	2019-10-07 08:56:45.539479	2019-10-07 08:56:45.539479
339	2	22	2019-07-10	2019-10-07 08:56:45.546551	2019-10-07 08:56:45.546551
340	2	22	2019-07-10	2019-10-07 08:56:45.552387	2019-10-07 08:56:45.552387
341	2	24	2019-07-10	2019-10-07 08:56:45.558839	2019-10-07 08:56:45.558839
342	2	24	2019-07-10	2019-10-07 08:56:45.568611	2019-10-07 08:56:45.568611
343	2	24	2019-07-10	2019-10-07 08:56:45.573099	2019-10-07 08:56:45.573099
344	2	27	2019-07-10	2019-10-07 08:56:45.579476	2019-10-07 08:56:45.579476
345	2	27	2019-07-10	2019-10-07 08:56:45.583793	2019-10-07 08:56:45.583793
346	2	30	2019-07-10	2019-10-07 08:56:45.58879	2019-10-07 08:56:45.58879
347	2	30	2019-07-10	2019-10-07 08:56:45.595274	2019-10-07 08:56:45.595274
348	2	33	2019-07-10	2019-10-07 08:56:45.600212	2019-10-07 08:56:45.600212
349	2	33	2019-07-10	2019-10-07 08:56:45.604461	2019-10-07 08:56:45.604461
350	2	33	2019-07-10	2019-10-07 08:56:45.608907	2019-10-07 08:56:45.608907
351	2	35	2019-07-10	2019-10-07 08:56:45.61346	2019-10-07 08:56:45.61346
352	2	36	2019-07-10	2019-10-07 08:56:45.618493	2019-10-07 08:56:45.618493
353	2	36	2019-07-10	2019-10-07 08:56:45.623707	2019-10-07 08:56:45.623707
354	2	37	2019-07-10	2019-10-07 08:56:45.629829	2019-10-07 08:56:45.629829
355	2	37	2019-07-10	2019-10-07 08:56:45.634767	2019-10-07 08:56:45.634767
356	2	40	2019-07-10	2019-10-07 08:56:45.639267	2019-10-07 08:56:45.639267
357	2	42	2019-07-10	2019-10-07 08:56:45.643417	2019-10-07 08:56:45.643417
358	2	42	2019-07-10	2019-10-07 08:56:45.649988	2019-10-07 08:56:45.649988
359	2	42	2019-07-10	2019-10-07 08:56:45.654123	2019-10-07 08:56:45.654123
360	2	43	2019-07-10	2019-10-07 08:56:45.658139	2019-10-07 08:56:45.658139
361	2	45	2019-07-10	2019-10-07 08:56:45.663828	2019-10-07 08:56:45.663828
362	2	48	2019-07-10	2019-10-07 08:56:45.667659	2019-10-07 08:56:45.667659
363	2	1	2019-07-10	2019-10-07 08:56:45.672546	2019-10-07 08:56:45.672546
364	2	1	2019-07-10	2019-10-07 08:56:45.676766	2019-10-07 08:56:45.676766
365	2	3	2019-07-10	2019-10-07 08:56:45.681869	2019-10-07 08:56:45.681869
366	2	4	2019-07-10	2019-10-07 08:56:45.686093	2019-10-07 08:56:45.686093
367	2	4	2019-07-10	2019-10-07 08:56:45.690345	2019-10-07 08:56:45.690345
368	2	4	2019-07-10	2019-10-07 08:56:45.697083	2019-10-07 08:56:45.697083
369	2	4	2019-07-10	2019-10-07 08:56:45.701544	2019-10-07 08:56:45.701544
370	2	6	2019-07-10	2019-10-07 08:56:45.705892	2019-10-07 08:56:45.705892
371	2	6	2019-07-10	2019-10-07 08:56:45.711168	2019-10-07 08:56:45.711168
372	2	7	2019-07-10	2019-10-07 08:56:45.715525	2019-10-07 08:56:45.715525
373	2	7	2019-07-10	2019-10-07 08:56:45.720339	2019-10-07 08:56:45.720339
374	2	7	2019-07-10	2019-10-07 08:56:45.724824	2019-10-07 08:56:45.724824
375	2	7	2019-07-10	2019-10-07 08:56:45.732125	2019-10-07 08:56:45.732125
376	2	7	2019-07-10	2019-10-07 08:56:45.736455	2019-10-07 08:56:45.736455
377	2	9	2019-07-10	2019-10-07 08:56:45.740869	2019-10-07 08:56:45.740869
378	2	9	2019-07-10	2019-10-07 08:56:45.745421	2019-10-07 08:56:45.745421
379	2	9	2019-07-10	2019-10-07 08:56:45.75042	2019-10-07 08:56:45.75042
380	2	12	2019-07-10	2019-10-07 08:56:45.754498	2019-10-07 08:56:45.754498
381	2	12	2019-07-10	2019-10-07 08:56:45.760516	2019-10-07 08:56:45.760516
382	2	16	2019-07-10	2019-10-07 08:56:45.765068	2019-10-07 08:56:45.765068
383	2	18	2019-07-10	2019-10-07 08:56:45.769802	2019-10-07 08:56:45.769802
384	2	18	2019-07-10	2019-10-07 08:56:45.774959	2019-10-07 08:56:45.774959
385	2	19	2019-07-10	2019-10-07 08:56:45.781216	2019-10-07 08:56:45.781216
386	2	21	2019-07-10	2019-10-07 08:56:45.785703	2019-10-07 08:56:45.785703
387	2	24	2019-07-10	2019-10-07 08:56:45.790126	2019-10-07 08:56:45.790126
388	2	24	2019-07-10	2019-10-07 08:56:45.794949	2019-10-07 08:56:45.794949
389	2	27	2019-07-10	2019-10-07 08:56:45.799309	2019-10-07 08:56:45.799309
390	2	27	2019-07-10	2019-10-07 08:56:45.803703	2019-10-07 08:56:45.803703
391	2	27	2019-07-10	2019-10-07 08:56:45.807903	2019-10-07 08:56:45.807903
392	2	27	2019-07-10	2019-10-07 08:56:45.813056	2019-10-07 08:56:45.813056
393	2	30	2019-07-10	2019-10-07 08:56:45.817123	2019-10-07 08:56:45.817123
394	2	30	2019-07-10	2019-10-07 08:56:45.821321	2019-10-07 08:56:45.821321
395	2	30	2019-07-10	2019-10-07 08:56:45.825641	2019-10-07 08:56:45.825641
396	2	33	2019-07-10	2019-10-07 08:56:45.832388	2019-10-07 08:56:45.832388
397	2	33	2019-07-10	2019-10-07 08:56:45.8367	2019-10-07 08:56:45.8367
398	2	37	2019-07-10	2019-10-07 08:56:45.840968	2019-10-07 08:56:45.840968
399	2	39	2019-07-10	2019-10-07 08:56:45.847637	2019-10-07 08:56:45.847637
400	2	39	2019-07-10	2019-10-07 08:56:45.852188	2019-10-07 08:56:45.852188
401	2	40	2019-07-10	2019-10-07 08:56:45.856599	2019-10-07 08:56:45.856599
402	2	40	2019-07-10	2019-10-07 08:56:45.861261	2019-10-07 08:56:45.861261
403	2	42	2019-07-10	2019-10-07 08:56:45.866	2019-10-07 08:56:45.866
404	2	42	2019-07-10	2019-10-07 08:56:45.870491	2019-10-07 08:56:45.870491
405	2	43	2019-07-10	2019-10-07 08:56:45.874655	2019-10-07 08:56:45.874655
406	2	1	2019-07-10	2019-10-07 08:56:45.881073	2019-10-07 08:56:45.881073
407	2	3	2019-07-10	2019-10-07 08:56:45.886065	2019-10-07 08:56:45.886065
408	2	4	2019-07-10	2019-10-07 08:56:45.89041	2019-10-07 08:56:45.89041
409	2	4	2019-07-10	2019-10-07 08:56:45.896521	2019-10-07 08:56:45.896521
410	2	4	2019-07-10	2019-10-07 08:56:45.90056	2019-10-07 08:56:45.90056
411	3	4	2019-07-10	2019-10-07 08:56:45.904803	2019-10-07 08:56:45.904803
412	3	6	2019-07-10	2019-10-07 08:56:45.910281	2019-10-07 08:56:45.910281
413	3	6	2019-07-10	2019-10-07 08:56:45.915318	2019-10-07 08:56:45.915318
414	3	7	2019-07-10	2019-10-07 08:56:45.919448	2019-10-07 08:56:45.919448
415	3	10	2019-07-10	2019-10-07 08:56:45.924306	2019-10-07 08:56:45.924306
416	3	10	2019-07-10	2019-10-07 08:56:45.929444	2019-10-07 08:56:45.929444
417	3	16	2019-07-10	2019-10-07 08:56:45.933722	2019-10-07 08:56:45.933722
418	3	19	2019-07-10	2019-10-07 08:56:45.937858	2019-10-07 08:56:45.937858
419	3	19	2019-07-10	2019-10-07 08:56:45.942869	2019-10-07 08:56:45.942869
420	3	24	2019-07-10	2019-10-07 08:56:45.948383	2019-10-07 08:56:45.948383
421	3	25	2019-07-10	2019-10-07 08:56:45.953205	2019-10-07 08:56:45.953205
422	3	30	2019-07-10	2019-10-07 08:56:45.958264	2019-10-07 08:56:45.958264
423	3	35	2019-07-10	2019-10-07 08:56:45.964231	2019-10-07 08:56:45.964231
424	3	36	2019-07-10	2019-10-07 08:56:45.96853	2019-10-07 08:56:45.96853
425	3	37	2019-07-10	2019-10-07 08:56:45.972622	2019-10-07 08:56:45.972622
426	3	40	2019-07-10	2019-10-07 08:56:45.976634	2019-10-07 08:56:45.976634
427	3	40	2019-07-10	2019-10-07 08:56:45.98063	2019-10-07 08:56:45.98063
428	3	43	2019-07-10	2019-10-07 08:56:45.984654	2019-10-07 08:56:45.984654
429	3	46	2019-07-10	2019-10-07 08:56:45.988451	2019-10-07 08:56:45.988451
430	3	3	2019-07-10	2019-10-07 08:56:45.992199	2019-10-07 08:56:45.992199
431	3	4	2019-07-10	2019-10-07 08:56:45.996897	2019-10-07 08:56:45.996897
432	3	4	2019-07-10	2019-10-07 08:56:46.00324	2019-10-07 08:56:46.00324
433	3	7	2019-07-10	2019-10-07 08:56:46.007218	2019-10-07 08:56:46.007218
434	3	9	2019-07-10	2019-10-07 08:56:46.012869	2019-10-07 08:56:46.012869
435	3	11	2019-07-10	2019-10-07 08:56:46.017635	2019-10-07 08:56:46.017635
436	3	12	2019-07-10	2019-10-07 08:56:46.021761	2019-10-07 08:56:46.021761
437	3	12	2019-07-10	2019-10-07 08:56:46.027575	2019-10-07 08:56:46.027575
438	3	21	2019-07-10	2019-10-07 08:56:46.031926	2019-10-07 08:56:46.031926
439	3	24	2019-07-10	2019-10-07 08:56:46.036081	2019-10-07 08:56:46.036081
440	3	25	2019-07-10	2019-10-07 08:56:46.040694	2019-10-07 08:56:46.040694
441	3	36	2019-07-10	2019-10-07 08:56:46.045797	2019-10-07 08:56:46.045797
442	3	39	2019-07-10	2019-10-07 08:56:46.049981	2019-10-07 08:56:46.049981
443	3	40	2019-07-10	2019-10-07 08:56:46.054114	2019-10-07 08:56:46.054114
444	3	44	2019-07-10	2019-10-07 08:56:46.058327	2019-10-07 08:56:46.058327
445	3	45	2019-07-10	2019-10-07 08:56:46.064359	2019-10-07 08:56:46.064359
446	3	46	2019-07-10	2019-10-07 08:56:46.068463	2019-10-07 08:56:46.068463
447	3	46	2019-07-10	2019-10-07 08:56:46.072663	2019-10-07 08:56:46.072663
448	3	46	2019-07-10	2019-10-07 08:56:46.081977	2019-10-07 08:56:46.081977
449	3	46	2019-07-10	2019-10-07 08:56:46.086491	2019-10-07 08:56:46.086491
450	3	3	2019-07-10	2019-10-07 08:56:46.091291	2019-10-07 08:56:46.091291
451	3	4	2019-07-10	2019-10-07 08:56:46.101928	2019-10-07 08:56:46.101928
452	3	4	2019-07-10	2019-10-07 08:56:46.106941	2019-10-07 08:56:46.106941
453	3	4	2019-07-10	2019-10-07 08:56:46.112956	2019-10-07 08:56:46.112956
454	3	6	2019-07-10	2019-10-07 08:56:46.117049	2019-10-07 08:56:46.117049
455	3	6	2019-07-10	2019-10-07 08:56:46.12106	2019-10-07 08:56:46.12106
456	3	6	2019-07-10	2019-10-07 08:56:46.124905	2019-10-07 08:56:46.124905
457	3	7	2019-07-10	2019-10-07 08:56:46.129022	2019-10-07 08:56:46.129022
458	3	7	2019-07-10	2019-10-07 08:56:46.132969	2019-10-07 08:56:46.132969
459	3	9	2019-07-10	2019-10-07 08:56:46.137831	2019-10-07 08:56:46.137831
460	3	10	2019-07-10	2019-10-07 08:56:46.142828	2019-10-07 08:56:46.142828
461	3	13	2019-07-10	2019-10-07 08:56:46.147718	2019-10-07 08:56:46.147718
462	3	18	2019-07-10	2019-10-07 08:56:46.151713	2019-10-07 08:56:46.151713
463	3	19	2019-07-10	2019-10-07 08:56:46.155524	2019-10-07 08:56:46.155524
464	3	22	2019-07-10	2019-10-07 08:56:46.159647	2019-10-07 08:56:46.159647
465	3	27	2019-07-10	2019-10-07 08:56:46.163476	2019-10-07 08:56:46.163476
466	3	27	2019-07-10	2019-10-07 08:56:46.168113	2019-10-07 08:56:46.168113
467	3	31	2019-07-10	2019-10-07 08:56:46.172218	2019-10-07 08:56:46.172218
468	3	31	2019-07-10	2019-10-07 08:56:46.17788	2019-10-07 08:56:46.17788
469	3	34	2019-07-10	2019-10-07 08:56:46.181956	2019-10-07 08:56:46.181956
470	3	36	2019-07-10	2019-10-07 08:56:46.18622	2019-10-07 08:56:46.18622
471	3	39	2019-07-10	2019-10-07 08:56:46.190301	2019-10-07 08:56:46.190301
472	3	43	2019-07-10	2019-10-07 08:56:46.195533	2019-10-07 08:56:46.195533
473	3	43	2019-07-10	2019-10-07 08:56:46.19964	2019-10-07 08:56:46.19964
474	3	1	2019-07-10	2019-10-07 08:56:46.203386	2019-10-07 08:56:46.203386
475	3	3	2019-07-10	2019-10-07 08:56:46.207375	2019-10-07 08:56:46.207375
476	3	3	2019-07-10	2019-10-07 08:56:46.211943	2019-10-07 08:56:46.211943
477	3	4	2019-07-10	2019-10-07 08:56:46.216141	2019-10-07 08:56:46.216141
478	3	4	2019-07-10	2019-10-07 08:56:46.22005	2019-10-07 08:56:46.22005
479	3	6	2019-07-10	2019-10-07 08:56:46.224132	2019-10-07 08:56:46.224132
480	3	6	2019-07-10	2019-10-07 08:56:46.243523	2019-10-07 08:56:46.243523
481	3	6	2019-07-10	2019-10-07 08:56:46.247796	2019-10-07 08:56:46.247796
482	3	6	2019-07-10	2019-10-07 08:56:46.251816	2019-10-07 08:56:46.251816
483	3	6	2019-07-10	2019-10-07 08:56:46.255327	2019-10-07 08:56:46.255327
484	3	6	2019-07-10	2019-10-07 08:56:46.25961	2019-10-07 08:56:46.25961
485	3	7	2019-07-10	2019-10-07 08:56:46.264929	2019-10-07 08:56:46.264929
486	3	7	2019-07-10	2019-10-07 08:56:46.268527	2019-10-07 08:56:46.268527
487	3	9	2019-07-10	2019-10-07 08:56:46.272623	2019-10-07 08:56:46.272623
488	3	12	2019-07-10	2019-10-07 08:56:46.278921	2019-10-07 08:56:46.278921
489	3	12	2019-07-10	2019-10-07 08:56:46.282953	2019-10-07 08:56:46.282953
490	3	12	2019-07-10	2019-10-07 08:56:46.286801	2019-10-07 08:56:46.286801
491	3	13	2019-07-10	2019-10-07 08:56:46.290912	2019-10-07 08:56:46.290912
492	3	18	2019-07-10	2019-10-07 08:56:46.2956	2019-10-07 08:56:46.2956
493	3	19	2019-07-10	2019-10-07 08:56:46.299778	2019-10-07 08:56:46.299778
494	3	21	2019-07-10	2019-10-07 08:56:46.303784	2019-10-07 08:56:46.303784
495	3	22	2019-07-10	2019-10-07 08:56:46.307998	2019-10-07 08:56:46.307998
496	3	33	2019-07-10	2019-10-07 08:56:46.31391	2019-10-07 08:56:46.31391
497	3	33	2019-07-10	2019-10-07 08:56:46.317714	2019-10-07 08:56:46.317714
498	3	33	2019-07-10	2019-10-07 08:56:46.322552	2019-10-07 08:56:46.322552
499	3	39	2019-07-10	2019-10-07 08:56:46.328377	2019-10-07 08:56:46.328377
500	3	42	2019-07-10	2019-10-07 08:56:46.33245	2019-10-07 08:56:46.33245
501	3	43	2019-07-10	2019-10-07 08:56:46.336427	2019-10-07 08:56:46.336427
502	3	45	2019-07-10	2019-10-07 08:56:46.340338	2019-10-07 08:56:46.340338
503	3	46	2019-07-10	2019-10-07 08:56:46.344582	2019-10-07 08:56:46.344582
504	3	1	2019-07-10	2019-10-07 08:56:46.349749	2019-10-07 08:56:46.349749
505	3	1	2019-07-10	2019-10-07 08:56:46.354864	2019-10-07 08:56:46.354864
506	3	1	2019-07-10	2019-10-07 08:56:46.358901	2019-10-07 08:56:46.358901
507	3	3	2019-07-10	2019-10-07 08:56:46.364574	2019-10-07 08:56:46.364574
508	3	3	2019-07-10	2019-10-07 08:56:46.368538	2019-10-07 08:56:46.368538
509	3	3	2019-07-10	2019-10-07 08:56:46.372601	2019-10-07 08:56:46.372601
510	3	4	2019-07-10	2019-10-07 08:56:46.376549	2019-10-07 08:56:46.376549
511	3	4	2019-07-10	2019-10-07 08:56:46.381873	2019-10-07 08:56:46.381873
512	3	4	2019-07-10	2019-10-07 08:56:46.385734	2019-10-07 08:56:46.385734
513	3	4	2019-07-10	2019-10-07 08:56:46.389518	2019-10-07 08:56:46.389518
514	3	4	2019-07-10	2019-10-07 08:56:46.3934	2019-10-07 08:56:46.3934
515	3	6	2019-07-10	2019-10-07 08:56:46.397993	2019-10-07 08:56:46.397993
516	3	6	2019-07-10	2019-10-07 08:56:46.401897	2019-10-07 08:56:46.401897
517	3	6	2019-07-10	2019-10-07 08:56:46.40577	2019-10-07 08:56:46.40577
518	3	6	2019-07-10	2019-10-07 08:56:46.411497	2019-10-07 08:56:46.411497
519	3	7	2019-07-10	2019-10-07 08:56:46.415935	2019-10-07 08:56:46.415935
520	3	7	2019-07-10	2019-10-07 08:56:46.420076	2019-10-07 08:56:46.420076
521	3	7	2019-07-10	2019-10-07 08:56:46.424682	2019-10-07 08:56:46.424682
522	3	7	2019-07-10	2019-10-07 08:56:46.430453	2019-10-07 08:56:46.430453
523	3	7	2019-07-10	2019-10-07 08:56:46.43462	2019-10-07 08:56:46.43462
524	3	7	2019-07-10	2019-10-07 08:56:46.438605	2019-10-07 08:56:46.438605
525	3	7	2019-07-10	2019-10-07 08:56:46.443594	2019-10-07 08:56:46.443594
526	3	7	2019-07-10	2019-10-07 08:56:46.447909	2019-10-07 08:56:46.447909
527	3	9	2019-07-10	2019-10-07 08:56:46.452075	2019-10-07 08:56:46.452075
528	3	9	2019-07-10	2019-10-07 08:56:46.456262	2019-10-07 08:56:46.456262
529	3	10	2019-07-10	2019-10-07 08:56:46.462173	2019-10-07 08:56:46.462173
530	3	10	2019-07-10	2019-10-07 08:56:46.466096	2019-10-07 08:56:46.466096
531	3	12	2019-07-10	2019-10-07 08:56:46.470239	2019-10-07 08:56:46.470239
532	3	12	2019-07-10	2019-10-07 08:56:46.475411	2019-10-07 08:56:46.475411
533	3	16	2019-07-10	2019-10-07 08:56:46.480922	2019-10-07 08:56:46.480922
534	3	19	2019-07-10	2019-10-07 08:56:46.48485	2019-10-07 08:56:46.48485
535	3	19	2019-07-10	2019-10-07 08:56:46.488613	2019-10-07 08:56:46.488613
536	3	21	2019-07-10	2019-10-07 08:56:46.492716	2019-10-07 08:56:46.492716
537	3	21	2019-07-10	2019-10-07 08:56:46.497033	2019-10-07 08:56:46.497033
538	3	22	2019-07-10	2019-10-07 08:56:46.501201	2019-10-07 08:56:46.501201
539	3	22	2019-07-10	2019-10-07 08:56:46.504973	2019-10-07 08:56:46.504973
540	3	22	2019-07-10	2019-10-07 08:56:46.508607	2019-10-07 08:56:46.508607
541	3	24	2019-07-10	2019-10-07 08:56:46.513119	2019-10-07 08:56:46.513119
542	3	24	2019-07-10	2019-10-07 08:56:46.516872	2019-10-07 08:56:46.516872
543	3	25	2019-07-10	2019-10-07 08:56:46.520684	2019-10-07 08:56:46.520684
544	3	27	2019-07-10	2019-10-07 08:56:46.52513	2019-10-07 08:56:46.52513
545	3	27	2019-07-10	2019-10-07 08:56:46.534287	2019-10-07 08:56:46.534287
546	3	27	2019-07-10	2019-10-07 08:56:46.539811	2019-10-07 08:56:46.539811
547	3	28	2019-07-10	2019-10-07 08:56:46.547323	2019-10-07 08:56:46.547323
548	3	30	2019-07-10	2019-10-07 08:56:46.551625	2019-10-07 08:56:46.551625
549	3	31	2019-07-10	2019-10-07 08:56:46.555847	2019-10-07 08:56:46.555847
550	3	33	2019-07-10	2019-10-07 08:56:46.560342	2019-10-07 08:56:46.560342
551	3	33	2019-07-10	2019-10-07 08:56:46.564362	2019-10-07 08:56:46.564362
552	3	36	2019-07-10	2019-10-07 08:56:46.568299	2019-10-07 08:56:46.568299
553	3	36	2019-07-10	2019-10-07 08:56:46.572309	2019-10-07 08:56:46.572309
554	3	36	2019-07-10	2019-10-07 08:56:46.576145	2019-10-07 08:56:46.576145
555	3	36	2019-07-10	2019-10-07 08:56:46.593946	2019-10-07 08:56:46.593946
556	3	37	2019-07-10	2019-10-07 08:56:46.598904	2019-10-07 08:56:46.598904
557	3	39	2019-07-10	2019-10-07 08:56:46.602862	2019-10-07 08:56:46.602862
558	3	39	2019-07-10	2019-10-07 08:56:46.607298	2019-10-07 08:56:46.607298
559	3	39	2019-07-10	2019-10-07 08:56:46.613294	2019-10-07 08:56:46.613294
560	3	39	2019-07-10	2019-10-07 08:56:46.617404	2019-10-07 08:56:46.617404
561	3	40	2019-07-10	2019-10-07 08:56:46.62202	2019-10-07 08:56:46.62202
562	3	40	2019-07-10	2019-10-07 08:56:46.626991	2019-10-07 08:56:46.626991
563	3	42	2019-07-10	2019-10-07 08:56:46.631482	2019-10-07 08:56:46.631482
564	3	42	2019-07-10	2019-10-07 08:56:46.635565	2019-10-07 08:56:46.635565
565	3	45	2019-07-10	2019-10-07 08:56:46.640981	2019-10-07 08:56:46.640981
566	3	45	2019-07-10	2019-10-07 08:56:46.646817	2019-10-07 08:56:46.646817
567	3	45	2019-07-10	2019-10-07 08:56:46.651145	2019-10-07 08:56:46.651145
568	3	45	2019-07-10	2019-10-07 08:56:46.655529	2019-10-07 08:56:46.655529
569	3	48	2019-07-10	2019-10-07 08:56:46.659605	2019-10-07 08:56:46.659605
570	3	48	2019-07-10	2019-10-07 08:56:46.66459	2019-10-07 08:56:46.66459
571	3	1	2019-07-10	2019-10-07 08:56:46.668591	2019-10-07 08:56:46.668591
572	3	1	2019-07-10	2019-10-07 08:56:46.678946	2019-10-07 08:56:46.678946
573	3	1	2019-07-10	2019-10-07 08:56:46.683887	2019-10-07 08:56:46.683887
574	3	3	2019-07-10	2019-10-07 08:56:46.687916	2019-10-07 08:56:46.687916
575	3	3	2019-07-10	2019-10-07 08:56:46.693671	2019-10-07 08:56:46.693671
576	3	3	2019-07-10	2019-10-07 08:56:46.699182	2019-10-07 08:56:46.699182
577	3	4	2019-07-10	2019-10-07 08:56:46.703203	2019-10-07 08:56:46.703203
578	3	6	2019-07-10	2019-10-07 08:56:46.709393	2019-10-07 08:56:46.709393
579	3	7	2019-07-10	2019-10-07 08:56:46.715829	2019-10-07 08:56:46.715829
580	3	7	2019-07-10	2019-10-07 08:56:46.720828	2019-10-07 08:56:46.720828
581	3	12	2019-07-10	2019-10-07 08:56:46.729642	2019-10-07 08:56:46.729642
582	3	12	2019-07-10	2019-10-07 08:56:46.733192	2019-10-07 08:56:46.733192
583	3	12	2019-07-10	2019-10-07 08:56:46.736628	2019-10-07 08:56:46.736628
584	3	24	2019-07-10	2019-10-07 08:56:46.740069	2019-10-07 08:56:46.740069
585	3	24	2019-07-10	2019-10-07 08:56:46.744721	2019-10-07 08:56:46.744721
586	3	27	2019-07-10	2019-10-07 08:56:46.748269	2019-10-07 08:56:46.748269
587	3	27	2019-07-10	2019-10-07 08:56:46.751692	2019-10-07 08:56:46.751692
588	3	33	2019-07-10	2019-10-07 08:56:46.755134	2019-10-07 08:56:46.755134
589	3	33	2019-07-10	2019-10-07 08:56:46.760395	2019-10-07 08:56:46.760395
590	3	33	2019-07-10	2019-10-07 08:56:46.764366	2019-10-07 08:56:46.764366
591	3	34	2019-07-10	2019-10-07 08:56:46.767767	2019-10-07 08:56:46.767767
592	3	34	2019-07-10	2019-10-07 08:56:46.771206	2019-10-07 08:56:46.771206
593	3	36	2019-07-10	2019-10-07 08:56:46.775529	2019-10-07 08:56:46.775529
594	3	36	2019-07-10	2019-10-07 08:56:46.778985	2019-10-07 08:56:46.778985
595	3	37	2019-07-10	2019-10-07 08:56:46.782373	2019-10-07 08:56:46.782373
596	3	39	2019-07-10	2019-10-07 08:56:46.785866	2019-10-07 08:56:46.785866
597	3	42	2019-07-10	2019-10-07 08:56:46.78928	2019-10-07 08:56:46.78928
598	3	45	2019-07-10	2019-10-07 08:56:46.79459	2019-10-07 08:56:46.79459
599	3	1	2019-07-10	2019-10-07 08:56:46.798179	2019-10-07 08:56:46.798179
600	3	1	2019-07-10	2019-10-07 08:56:46.801764	2019-10-07 08:56:46.801764
601	3	3	2019-07-10	2019-10-07 08:56:46.805449	2019-10-07 08:56:46.805449
602	3	3	2019-07-10	2019-10-07 08:56:46.809951	2019-10-07 08:56:46.809951
603	3	3	2019-07-10	2019-10-07 08:56:46.813648	2019-10-07 08:56:46.813648
604	3	3	2019-07-10	2019-10-07 08:56:46.817035	2019-10-07 08:56:46.817035
605	3	3	2019-07-10	2019-10-07 08:56:46.820561	2019-10-07 08:56:46.820561
606	3	3	2019-07-10	2019-10-07 08:56:46.824026	2019-10-07 08:56:46.824026
607	3	3	2019-07-10	2019-10-07 08:56:46.829404	2019-10-07 08:56:46.829404
608	3	4	2019-07-10	2019-10-07 08:56:46.833021	2019-10-07 08:56:46.833021
609	3	4	2019-07-10	2019-10-07 08:56:46.837503	2019-10-07 08:56:46.837503
610	3	4	2019-07-10	2019-10-07 08:56:46.841114	2019-10-07 08:56:46.841114
611	3	4	2019-07-10	2019-10-07 08:56:46.846674	2019-10-07 08:56:46.846674
612	3	4	2019-07-10	2019-10-07 08:56:46.850216	2019-10-07 08:56:46.850216
613	3	6	2019-07-10	2019-10-07 08:56:46.853691	2019-10-07 08:56:46.853691
614	3	6	2019-07-10	2019-10-07 08:56:46.85733	2019-10-07 08:56:46.85733
615	3	7	2019-07-10	2019-10-07 08:56:46.860868	2019-10-07 08:56:46.860868
616	3	9	2019-07-10	2019-10-07 08:56:46.865262	2019-10-07 08:56:46.865262
617	3	9	2019-07-10	2019-10-07 08:56:46.868766	2019-10-07 08:56:46.868766
618	3	12	2019-07-10	2019-10-07 08:56:46.872366	2019-10-07 08:56:46.872366
619	3	12	2019-07-10	2019-10-07 08:56:46.8778	2019-10-07 08:56:46.8778
620	3	16	2019-07-10	2019-10-07 08:56:46.881346	2019-10-07 08:56:46.881346
621	3	18	2019-07-10	2019-10-07 08:56:46.884759	2019-10-07 08:56:46.884759
622	3	18	2019-07-10	2019-10-07 08:56:46.88808	2019-10-07 08:56:46.88808
623	3	21	2019-07-10	2019-10-07 08:56:46.891795	2019-10-07 08:56:46.891795
624	3	24	2019-07-10	2019-10-07 08:56:46.895211	2019-10-07 08:56:46.895211
625	3	25	2019-07-10	2019-10-07 08:56:46.898585	2019-10-07 08:56:46.898585
626	3	27	2019-07-10	2019-10-07 08:56:46.90214	2019-10-07 08:56:46.90214
627	3	28	2019-07-10	2019-10-07 08:56:46.905604	2019-10-07 08:56:46.905604
628	3	28	2019-07-10	2019-10-07 08:56:46.910159	2019-10-07 08:56:46.910159
629	3	33	2019-07-10	2019-10-07 08:56:46.913608	2019-10-07 08:56:46.913608
630	3	33	2019-07-10	2019-10-07 08:56:46.917079	2019-10-07 08:56:46.917079
631	3	36	2019-07-10	2019-10-07 08:56:46.920728	2019-10-07 08:56:46.920728
632	3	37	2019-07-10	2019-10-07 08:56:46.924223	2019-10-07 08:56:46.924223
633	3	37	2019-07-10	2019-10-07 08:56:46.930099	2019-10-07 08:56:46.930099
634	3	39	2019-07-10	2019-10-07 08:56:46.933569	2019-10-07 08:56:46.933569
635	3	39	2019-07-10	2019-10-07 08:56:46.936918	2019-10-07 08:56:46.936918
636	3	40	2019-07-10	2019-10-07 08:56:46.940427	2019-10-07 08:56:46.940427
637	3	45	2019-07-10	2019-10-07 08:56:46.945443	2019-10-07 08:56:46.945443
638	3	1	2019-07-10	2019-10-07 08:56:46.949073	2019-10-07 08:56:46.949073
639	3	1	2019-07-10	2019-10-07 08:56:46.952511	2019-10-07 08:56:46.952511
640	3	1	2019-07-10	2019-10-07 08:56:46.957089	2019-10-07 08:56:46.957089
641	3	4	2019-07-10	2019-10-07 08:56:46.962223	2019-10-07 08:56:46.962223
642	3	4	2019-07-10	2019-10-07 08:56:46.965562	2019-10-07 08:56:46.965562
643	3	4	2019-07-10	2019-10-07 08:56:46.96894	2019-10-07 08:56:46.96894
644	3	6	2019-07-10	2019-10-07 08:56:46.972561	2019-10-07 08:56:46.972561
645	3	6	2019-07-10	2019-10-07 08:56:46.976276	2019-10-07 08:56:46.976276
646	3	6	2019-07-10	2019-10-07 08:56:46.979691	2019-10-07 08:56:46.979691
647	3	6	2019-07-10	2019-10-07 08:56:46.983066	2019-10-07 08:56:46.983066
648	3	6	2019-07-10	2019-10-07 08:56:46.98649	2019-10-07 08:56:46.98649
649	3	6	2019-07-10	2019-10-07 08:56:46.990196	2019-10-07 08:56:46.990196
650	3	10	2019-07-10	2019-10-07 08:56:46.994496	2019-10-07 08:56:46.994496
651	3	18	2019-07-10	2019-10-07 08:56:46.998145	2019-10-07 08:56:46.998145
652	3	21	2019-07-10	2019-10-07 08:56:47.001738	2019-10-07 08:56:47.001738
653	3	25	2019-07-10	2019-10-07 08:56:47.005161	2019-10-07 08:56:47.005161
654	3	25	2019-07-10	2019-10-07 08:56:47.010388	2019-10-07 08:56:47.010388
655	3	27	2019-07-10	2019-10-07 08:56:47.014066	2019-10-07 08:56:47.014066
656	3	32	2019-07-10	2019-10-07 08:56:47.018022	2019-10-07 08:56:47.018022
657	3	34	2019-07-10	2019-10-07 08:56:47.021543	2019-10-07 08:56:47.021543
658	3	42	2019-07-10	2019-10-07 08:56:47.026202	2019-10-07 08:56:47.026202
659	3	42	2019-07-10	2019-10-07 08:56:47.030403	2019-10-07 08:56:47.030403
660	3	42	2019-07-10	2019-10-07 08:56:47.040055	2019-10-07 08:56:47.040055
661	3	42	2019-07-10	2019-10-07 08:56:47.046219	2019-10-07 08:56:47.046219
662	3	43	2019-07-10	2019-10-07 08:56:47.050111	2019-10-07 08:56:47.050111
663	3	46	2019-07-10	2019-10-07 08:56:47.054034	2019-10-07 08:56:47.054034
664	3	1	2019-07-10	2019-10-07 08:56:47.058486	2019-10-07 08:56:47.058486
665	3	1	2019-07-10	2019-10-07 08:56:47.06305	2019-10-07 08:56:47.06305
666	3	4	2019-07-10	2019-10-07 08:56:47.068006	2019-10-07 08:56:47.068006
667	3	4	2019-07-10	2019-10-07 08:56:47.072118	2019-10-07 08:56:47.072118
668	3	6	2019-07-10	2019-10-07 08:56:47.078329	2019-10-07 08:56:47.078329
669	3	7	2019-07-10	2019-10-07 08:56:47.082642	2019-10-07 08:56:47.082642
670	3	7	2019-07-10	2019-10-07 08:56:47.086576	2019-10-07 08:56:47.086576
671	3	7	2019-07-10	2019-10-07 08:56:47.091013	2019-10-07 08:56:47.091013
672	3	9	2019-07-10	2019-10-07 08:56:47.096481	2019-10-07 08:56:47.096481
673	3	9	2019-07-10	2019-10-07 08:56:47.100462	2019-10-07 08:56:47.100462
674	3	9	2019-07-10	2019-10-07 08:56:47.104337	2019-10-07 08:56:47.104337
675	3	9	2019-07-10	2019-10-07 08:56:47.109096	2019-10-07 08:56:47.109096
676	3	9	2019-07-10	2019-10-07 08:56:47.113093	2019-10-07 08:56:47.113093
677	3	15	2019-07-10	2019-10-07 08:56:47.117341	2019-10-07 08:56:47.117341
678	3	18	2019-07-10	2019-10-07 08:56:47.121548	2019-10-07 08:56:47.121548
679	3	18	2019-07-10	2019-10-07 08:56:47.12726	2019-10-07 08:56:47.12726
680	3	22	2019-07-10	2019-10-07 08:56:47.131686	2019-10-07 08:56:47.131686
681	3	22	2019-07-10	2019-10-07 08:56:47.135874	2019-10-07 08:56:47.135874
682	3	24	2019-07-10	2019-10-07 08:56:47.14016	2019-10-07 08:56:47.14016
683	3	24	2019-07-10	2019-10-07 08:56:47.144982	2019-10-07 08:56:47.144982
684	3	24	2019-07-10	2019-10-07 08:56:47.148966	2019-10-07 08:56:47.148966
685	3	28	2019-07-10	2019-10-07 08:56:47.152874	2019-10-07 08:56:47.152874
686	3	34	2019-07-10	2019-10-07 08:56:47.156627	2019-10-07 08:56:47.156627
687	3	36	2019-07-10	2019-10-07 08:56:47.162482	2019-10-07 08:56:47.162482
688	3	43	2019-07-10	2019-10-07 08:56:47.166528	2019-10-07 08:56:47.166528
689	3	1	2019-07-10	2019-10-07 08:56:47.171483	2019-10-07 08:56:47.171483
690	3	1	2019-07-10	2019-10-07 08:56:47.177677	2019-10-07 08:56:47.177677
691	3	3	2019-07-10	2019-10-07 08:56:47.181886	2019-10-07 08:56:47.181886
692	4	3	2019-07-10	2019-10-07 08:56:47.186943	2019-10-07 08:56:47.186943
693	4	3	2019-07-10	2019-10-07 08:56:47.191365	2019-10-07 08:56:47.191365
694	4	3	2019-07-10	2019-10-07 08:56:47.195649	2019-10-07 08:56:47.195649
695	4	4	2019-07-10	2019-10-07 08:56:47.204855	2019-10-07 08:56:47.204855
696	4	4	2019-07-10	2019-10-07 08:56:47.212574	2019-10-07 08:56:47.212574
697	4	4	2019-07-10	2019-10-07 08:56:47.251727	2019-10-07 08:56:47.251727
698	4	4	2019-07-10	2019-10-07 08:56:47.257783	2019-10-07 08:56:47.257783
699	4	6	2019-07-10	2019-10-07 08:56:47.262622	2019-10-07 08:56:47.262622
700	4	6	2019-07-10	2019-10-07 08:56:47.270523	2019-10-07 08:56:47.270523
701	4	6	2019-07-10	2019-10-07 08:56:47.275936	2019-10-07 08:56:47.275936
702	4	9	2019-07-10	2019-10-07 08:56:47.286823	2019-10-07 08:56:47.286823
703	4	9	2019-07-10	2019-10-07 08:56:47.291318	2019-10-07 08:56:47.291318
704	4	9	2019-07-10	2019-10-07 08:56:47.295399	2019-10-07 08:56:47.295399
705	4	10	2019-07-10	2019-10-07 08:56:47.299269	2019-10-07 08:56:47.299269
706	4	21	2019-07-10	2019-10-07 08:56:47.302754	2019-10-07 08:56:47.302754
707	4	24	2019-07-10	2019-10-07 08:56:47.306356	2019-10-07 08:56:47.306356
708	4	27	2019-07-10	2019-10-07 08:56:47.311546	2019-10-07 08:56:47.311546
709	4	27	2019-07-10	2019-10-07 08:56:47.315116	2019-10-07 08:56:47.315116
710	4	28	2019-07-10	2019-10-07 08:56:47.319147	2019-10-07 08:56:47.319147
711	4	30	2019-07-10	2019-10-07 08:56:47.32653	2019-10-07 08:56:47.32653
712	4	31	2019-07-10	2019-10-07 08:56:47.32995	2019-10-07 08:56:47.32995
713	4	34	2019-07-10	2019-10-07 08:56:47.333446	2019-10-07 08:56:47.333446
714	4	35	2019-07-10	2019-10-07 08:56:47.336975	2019-10-07 08:56:47.336975
715	4	36	2019-07-10	2019-10-07 08:56:47.340663	2019-10-07 08:56:47.340663
716	4	40	2019-07-10	2019-10-07 08:56:47.345772	2019-10-07 08:56:47.345772
717	4	40	2019-07-10	2019-10-07 08:56:47.34933	2019-10-07 08:56:47.34933
718	4	42	2019-07-10	2019-10-07 08:56:47.353714	2019-10-07 08:56:47.353714
719	4	43	2019-07-10	2019-10-07 08:56:47.357284	2019-10-07 08:56:47.357284
720	4	45	2019-07-10	2019-10-07 08:56:47.362305	2019-10-07 08:56:47.362305
721	4	48	2019-07-10	2019-10-07 08:56:47.365808	2019-10-07 08:56:47.365808
722	4	1	2019-07-10	2019-10-07 08:56:47.369261	2019-10-07 08:56:47.369261
723	4	1	2019-07-10	2019-10-07 08:56:47.372835	2019-10-07 08:56:47.372835
724	4	1	2019-07-10	2019-10-07 08:56:47.376611	2019-10-07 08:56:47.376611
725	4	1	2019-07-10	2019-10-07 08:56:47.380135	2019-10-07 08:56:47.380135
726	4	1	2019-07-10	2019-10-07 08:56:47.384692	2019-10-07 08:56:47.384692
727	4	1	2019-07-10	2019-10-07 08:56:47.388704	2019-10-07 08:56:47.388704
728	4	3	2019-07-10	2019-10-07 08:56:47.393242	2019-10-07 08:56:47.393242
729	4	4	2019-07-10	2019-10-07 08:56:47.397624	2019-10-07 08:56:47.397624
730	4	4	2019-07-10	2019-10-07 08:56:47.401205	2019-10-07 08:56:47.401205
731	4	6	2019-07-10	2019-10-07 08:56:47.40466	2019-10-07 08:56:47.40466
732	4	6	2019-07-10	2019-10-07 08:56:47.408148	2019-10-07 08:56:47.408148
733	4	7	2019-07-10	2019-10-07 08:56:47.411459	2019-10-07 08:56:47.411459
734	4	7	2019-07-10	2019-10-07 08:56:47.415248	2019-10-07 08:56:47.415248
735	4	7	2019-07-10	2019-10-07 08:56:47.418686	2019-10-07 08:56:47.418686
736	4	9	2019-07-10	2019-10-07 08:56:47.422533	2019-10-07 08:56:47.422533
737	4	9	2019-07-10	2019-10-07 08:56:47.42786	2019-10-07 08:56:47.42786
738	4	9	2019-07-10	2019-10-07 08:56:47.431788	2019-10-07 08:56:47.431788
739	4	9	2019-07-10	2019-10-07 08:56:47.435378	2019-10-07 08:56:47.435378
740	4	9	2019-07-10	2019-10-07 08:56:47.438742	2019-10-07 08:56:47.438742
741	4	9	2019-07-10	2019-10-07 08:56:47.442968	2019-10-07 08:56:47.442968
742	4	10	2019-07-10	2019-10-07 08:56:47.446713	2019-10-07 08:56:47.446713
743	4	11	2019-07-10	2019-10-07 08:56:47.450193	2019-10-07 08:56:47.450193
744	4	12	2019-07-10	2019-10-07 08:56:47.454934	2019-10-07 08:56:47.454934
745	4	12	2019-07-10	2019-10-07 08:56:47.460419	2019-10-07 08:56:47.460419
746	4	12	2019-07-10	2019-10-07 08:56:47.464727	2019-10-07 08:56:47.464727
747	4	15	2019-07-10	2019-10-07 08:56:47.468505	2019-10-07 08:56:47.468505
748	4	16	2019-07-10	2019-10-07 08:56:47.472516	2019-10-07 08:56:47.472516
749	4	16	2019-07-10	2019-10-07 08:56:47.477346	2019-10-07 08:56:47.477346
750	4	18	2019-07-10	2019-10-07 08:56:47.481271	2019-10-07 08:56:47.481271
751	4	19	2019-07-10	2019-10-07 08:56:47.485098	2019-10-07 08:56:47.485098
752	4	21	2019-07-10	2019-10-07 08:56:47.488804	2019-10-07 08:56:47.488804
753	4	21	2019-07-10	2019-10-07 08:56:47.494552	2019-10-07 08:56:47.494552
754	4	21	2019-07-10	2019-10-07 08:56:47.498736	2019-10-07 08:56:47.498736
755	4	22	2019-07-10	2019-10-07 08:56:47.502573	2019-10-07 08:56:47.502573
756	4	22	2019-07-10	2019-10-07 08:56:47.506521	2019-10-07 08:56:47.506521
757	4	24	2019-07-10	2019-10-07 08:56:47.513004	2019-10-07 08:56:47.513004
758	4	24	2019-07-10	2019-10-07 08:56:47.517642	2019-10-07 08:56:47.517642
759	4	24	2019-07-10	2019-10-07 08:56:47.530113	2019-10-07 08:56:47.530113
760	4	27	2019-07-10	2019-10-07 08:56:47.535203	2019-10-07 08:56:47.535203
761	4	28	2019-07-10	2019-10-07 08:56:47.54125	2019-10-07 08:56:47.54125
762	4	30	2019-07-10	2019-10-07 08:56:47.54845	2019-10-07 08:56:47.54845
763	4	30	2019-07-10	2019-10-07 08:56:47.55294	2019-10-07 08:56:47.55294
764	4	31	2019-07-10	2019-10-07 08:56:47.557236	2019-10-07 08:56:47.557236
765	4	31	2019-07-10	2019-10-07 08:56:47.561188	2019-10-07 08:56:47.561188
766	4	34	2019-07-10	2019-10-07 08:56:47.56564	2019-10-07 08:56:47.56564
767	4	34	2019-07-10	2019-10-07 08:56:47.570258	2019-10-07 08:56:47.570258
768	4	34	2019-07-10	2019-10-07 08:56:47.574389	2019-10-07 08:56:47.574389
769	4	34	2019-07-10	2019-10-07 08:56:47.580114	2019-10-07 08:56:47.580114
770	4	34	2019-07-10	2019-10-07 08:56:47.585497	2019-10-07 08:56:47.585497
771	4	40	2019-07-10	2019-10-07 08:56:47.589566	2019-10-07 08:56:47.589566
772	4	42	2019-07-10	2019-10-07 08:56:47.593676	2019-10-07 08:56:47.593676
773	4	42	2019-07-10	2019-10-07 08:56:47.59866	2019-10-07 08:56:47.59866
774	4	43	2019-07-10	2019-10-07 08:56:47.602896	2019-10-07 08:56:47.602896
775	4	43	2019-07-10	2019-10-07 08:56:47.606984	2019-10-07 08:56:47.606984
776	4	45	2019-07-10	2019-10-07 08:56:47.612871	2019-10-07 08:56:47.612871
777	4	46	2019-07-10	2019-10-07 08:56:47.617039	2019-10-07 08:56:47.617039
778	4	46	2019-07-10	2019-10-07 08:56:47.621002	2019-10-07 08:56:47.621002
779	4	1	2019-07-10	2019-10-07 08:56:47.625406	2019-10-07 08:56:47.625406
780	4	1	2019-07-10	2019-10-07 08:56:47.629882	2019-10-07 08:56:47.629882
781	4	1	2019-07-10	2019-10-07 08:56:47.63387	2019-10-07 08:56:47.63387
782	4	1	2019-07-10	2019-10-07 08:56:47.637833	2019-10-07 08:56:47.637833
783	4	1	2019-07-10	2019-10-07 08:56:47.641828	2019-10-07 08:56:47.641828
784	4	1	2019-07-10	2019-10-07 08:56:47.646684	2019-10-07 08:56:47.646684
785	4	3	2019-07-10	2019-10-07 08:56:47.651293	2019-10-07 08:56:47.651293
786	4	3	2019-07-10	2019-10-07 08:56:47.655169	2019-10-07 08:56:47.655169
787	4	3	2019-07-10	2019-10-07 08:56:47.660285	2019-10-07 08:56:47.660285
788	4	3	2019-07-10	2019-10-07 08:56:47.666003	2019-10-07 08:56:47.666003
789	4	3	2019-07-10	2019-10-07 08:56:47.670939	2019-10-07 08:56:47.670939
790	4	4	2019-07-10	2019-10-07 08:56:47.676461	2019-10-07 08:56:47.676461
791	4	6	2019-07-10	2019-10-07 08:56:47.680552	2019-10-07 08:56:47.680552
792	4	6	2019-07-10	2019-10-07 08:56:47.68458	2019-10-07 08:56:47.68458
793	4	6	2019-07-10	2019-10-07 08:56:47.688558	2019-10-07 08:56:47.688558
794	4	7	2019-07-10	2019-10-07 08:56:47.693454	2019-10-07 08:56:47.693454
795	4	7	2019-07-10	2019-10-07 08:56:47.69936	2019-10-07 08:56:47.69936
796	4	7	2019-07-10	2019-10-07 08:56:47.703465	2019-10-07 08:56:47.703465
797	4	9	2019-07-10	2019-10-07 08:56:47.707444	2019-10-07 08:56:47.707444
798	4	9	2019-07-10	2019-10-07 08:56:47.712522	2019-10-07 08:56:47.712522
799	4	9	2019-07-10	2019-10-07 08:56:47.716478	2019-10-07 08:56:47.716478
800	4	9	2019-07-10	2019-10-07 08:56:47.721276	2019-10-07 08:56:47.721276
801	4	10	2019-07-10	2019-10-07 08:56:47.725871	2019-10-07 08:56:47.725871
802	4	10	2019-07-10	2019-10-07 08:56:47.730465	2019-10-07 08:56:47.730465
803	4	10	2019-07-10	2019-10-07 08:56:47.735708	2019-10-07 08:56:47.735708
804	4	11	2019-07-10	2019-10-07 08:56:47.739665	2019-10-07 08:56:47.739665
805	4	12	2019-07-10	2019-10-07 08:56:47.744179	2019-10-07 08:56:47.744179
806	4	16	2019-07-10	2019-10-07 08:56:47.748542	2019-10-07 08:56:47.748542
807	4	18	2019-07-10	2019-10-07 08:56:47.752273	2019-10-07 08:56:47.752273
808	4	18	2019-07-10	2019-10-07 08:56:47.756295	2019-10-07 08:56:47.756295
809	4	18	2019-07-10	2019-10-07 08:56:47.760957	2019-10-07 08:56:47.760957
810	4	19	2019-07-10	2019-10-07 08:56:47.766653	2019-10-07 08:56:47.766653
811	4	22	2019-07-10	2019-10-07 08:56:47.771045	2019-10-07 08:56:47.771045
812	4	22	2019-07-10	2019-10-07 08:56:47.775441	2019-10-07 08:56:47.775441
813	4	22	2019-07-10	2019-10-07 08:56:47.780557	2019-10-07 08:56:47.780557
814	4	22	2019-07-10	2019-10-07 08:56:47.785463	2019-10-07 08:56:47.785463
815	4	25	2019-07-10	2019-10-07 08:56:47.789887	2019-10-07 08:56:47.789887
816	4	27	2019-07-10	2019-10-07 08:56:47.794289	2019-10-07 08:56:47.794289
817	4	27	2019-07-10	2019-10-07 08:56:47.800115	2019-10-07 08:56:47.800115
818	4	27	2019-07-10	2019-10-07 08:56:47.810476	2019-10-07 08:56:47.810476
819	4	27	2019-07-10	2019-10-07 08:56:47.81614	2019-10-07 08:56:47.81614
820	4	28	2019-07-10	2019-10-07 08:56:47.821309	2019-10-07 08:56:47.821309
821	4	28	2019-07-10	2019-10-07 08:56:47.825526	2019-10-07 08:56:47.825526
822	4	28	2019-07-10	2019-10-07 08:56:47.829633	2019-10-07 08:56:47.829633
823	4	30	2019-07-10	2019-10-07 08:56:47.833651	2019-10-07 08:56:47.833651
824	4	31	2019-07-10	2019-10-07 08:56:47.837817	2019-10-07 08:56:47.837817
825	4	34	2019-07-10	2019-10-07 08:56:47.84346	2019-10-07 08:56:47.84346
826	4	34	2019-07-10	2019-10-07 08:56:47.84966	2019-10-07 08:56:47.84966
827	4	36	2019-07-10	2019-10-07 08:56:47.853788	2019-10-07 08:56:47.853788
828	4	37	2019-07-10	2019-10-07 08:56:47.857962	2019-10-07 08:56:47.857962
829	4	39	2019-07-10	2019-10-07 08:56:47.862069	2019-10-07 08:56:47.862069
830	4	40	2019-07-10	2019-10-07 08:56:47.865898	2019-10-07 08:56:47.865898
831	4	40	2019-07-10	2019-10-07 08:56:47.871182	2019-10-07 08:56:47.871182
832	4	40	2019-07-10	2019-10-07 08:56:47.875557	2019-10-07 08:56:47.875557
833	4	40	2019-07-10	2019-10-07 08:56:47.879641	2019-10-07 08:56:47.879641
834	4	40	2019-07-10	2019-10-07 08:56:47.884997	2019-10-07 08:56:47.884997
835	4	40	2019-07-10	2019-10-07 08:56:47.889027	2019-10-07 08:56:47.889027
836	4	42	2019-07-10	2019-10-07 08:56:47.893386	2019-10-07 08:56:47.893386
837	4	42	2019-07-10	2019-10-07 08:56:47.89742	2019-10-07 08:56:47.89742
838	4	43	2019-07-10	2019-10-07 08:56:47.90123	2019-10-07 08:56:47.90123
839	4	45	2019-07-10	2019-10-07 08:56:47.905106	2019-10-07 08:56:47.905106
840	4	46	2019-07-10	2019-10-07 08:56:47.909939	2019-10-07 08:56:47.909939
841	4	1	2019-07-10	2019-10-07 08:56:47.91572	2019-10-07 08:56:47.91572
842	4	1	2019-07-10	2019-10-07 08:56:47.92004	2019-10-07 08:56:47.92004
843	4	1	2019-07-10	2019-10-07 08:56:47.924113	2019-10-07 08:56:47.924113
844	4	3	2019-07-10	2019-10-07 08:56:47.928473	2019-10-07 08:56:47.928473
845	4	3	2019-07-10	2019-10-07 08:56:47.933312	2019-10-07 08:56:47.933312
846	4	3	2019-07-10	2019-10-07 08:56:47.971145	2019-10-07 08:56:47.971145
847	4	4	2019-07-10	2019-10-07 08:56:48.000885	2019-10-07 08:56:48.000885
848	4	4	2019-07-10	2019-10-07 08:56:48.004416	2019-10-07 08:56:48.004416
849	4	4	2019-07-10	2019-10-07 08:56:48.008115	2019-10-07 08:56:48.008115
850	4	4	2019-07-10	2019-10-07 08:56:48.011904	2019-10-07 08:56:48.011904
851	4	4	2019-07-10	2019-10-07 08:56:48.032622	2019-10-07 08:56:48.032622
852	4	6	2019-07-10	2019-10-07 08:56:48.036578	2019-10-07 08:56:48.036578
853	4	6	2019-07-10	2019-10-07 08:56:48.041096	2019-10-07 08:56:48.041096
854	4	6	2019-07-10	2019-10-07 08:56:48.04535	2019-10-07 08:56:48.04535
855	4	6	2019-07-10	2019-10-07 08:56:48.049256	2019-10-07 08:56:48.049256
856	4	7	2019-07-10	2019-10-07 08:56:48.053397	2019-10-07 08:56:48.053397
857	4	8	2019-07-10	2019-10-07 08:56:48.05736	2019-10-07 08:56:48.05736
858	4	9	2019-07-10	2019-10-07 08:56:48.062958	2019-10-07 08:56:48.062958
859	4	9	2019-07-10	2019-10-07 08:56:48.067946	2019-10-07 08:56:48.067946
860	4	9	2019-07-10	2019-10-07 08:56:48.072303	2019-10-07 08:56:48.072303
861	4	9	2019-07-10	2019-10-07 08:56:48.076459	2019-10-07 08:56:48.076459
862	4	10	2019-07-10	2019-10-07 08:56:48.080509	2019-10-07 08:56:48.080509
863	4	10	2019-07-10	2019-10-07 08:56:48.085516	2019-10-07 08:56:48.085516
864	4	12	2019-07-10	2019-10-07 08:56:48.089595	2019-10-07 08:56:48.089595
865	4	16	2019-07-10	2019-10-07 08:56:48.093809	2019-10-07 08:56:48.093809
866	4	19	2019-07-10	2019-10-07 08:56:48.099485	2019-10-07 08:56:48.099485
867	4	19	2019-07-10	2019-10-07 08:56:48.103545	2019-10-07 08:56:48.103545
868	4	20	2019-07-10	2019-10-07 08:56:48.107741	2019-10-07 08:56:48.107741
869	4	22	2019-07-10	2019-10-07 08:56:48.111964	2019-10-07 08:56:48.111964
870	4	24	2019-07-10	2019-10-07 08:56:48.116562	2019-10-07 08:56:48.116562
871	4	25	2019-07-10	2019-10-07 08:56:48.121391	2019-10-07 08:56:48.121391
872	4	25	2019-07-10	2019-10-07 08:56:48.125593	2019-10-07 08:56:48.125593
873	4	25	2019-07-10	2019-10-07 08:56:48.130121	2019-10-07 08:56:48.130121
874	4	25	2019-07-10	2019-10-07 08:56:48.1351	2019-10-07 08:56:48.1351
875	4	27	2019-07-10	2019-10-07 08:56:48.139041	2019-10-07 08:56:48.139041
876	4	27	2019-07-10	2019-10-07 08:56:48.143252	2019-10-07 08:56:48.143252
877	4	28	2019-07-10	2019-10-07 08:56:48.148129	2019-10-07 08:56:48.148129
878	4	30	2019-07-10	2019-10-07 08:56:48.152081	2019-10-07 08:56:48.152081
879	4	31	2019-07-10	2019-10-07 08:56:48.155949	2019-10-07 08:56:48.155949
880	4	33	2019-07-10	2019-10-07 08:56:48.159731	2019-10-07 08:56:48.159731
881	4	33	2019-07-10	2019-10-07 08:56:48.164793	2019-10-07 08:56:48.164793
882	4	34	2019-07-10	2019-10-07 08:56:48.169118	2019-10-07 08:56:48.169118
883	4	34	2019-07-10	2019-10-07 08:56:48.173233	2019-10-07 08:56:48.173233
884	4	36	2019-07-10	2019-10-07 08:56:48.178521	2019-10-07 08:56:48.178521
885	4	36	2019-07-10	2019-10-07 08:56:48.18393	2019-10-07 08:56:48.18393
886	4	36	2019-07-10	2019-10-07 08:56:48.1889	2019-10-07 08:56:48.1889
887	4	38	2019-07-10	2019-10-07 08:56:48.192985	2019-10-07 08:56:48.192985
888	4	39	2019-07-10	2019-10-07 08:56:48.196927	2019-10-07 08:56:48.196927
889	4	39	2019-07-10	2019-10-07 08:56:48.200711	2019-10-07 08:56:48.200711
890	4	39	2019-07-10	2019-10-07 08:56:48.205018	2019-10-07 08:56:48.205018
891	4	40	2019-07-10	2019-10-07 08:56:48.210244	2019-10-07 08:56:48.210244
892	4	40	2019-07-10	2019-10-07 08:56:48.215754	2019-10-07 08:56:48.215754
893	4	40	2019-07-10	2019-10-07 08:56:48.21984	2019-10-07 08:56:48.21984
894	4	42	2019-07-10	2019-10-07 08:56:48.223771	2019-10-07 08:56:48.223771
895	4	42	2019-07-10	2019-10-07 08:56:48.228363	2019-10-07 08:56:48.228363
896	4	42	2019-07-10	2019-10-07 08:56:48.232304	2019-10-07 08:56:48.232304
897	4	43	2019-07-10	2019-10-07 08:56:48.236361	2019-10-07 08:56:48.236361
898	4	45	2019-07-10	2019-10-07 08:56:48.240105	2019-10-07 08:56:48.240105
899	4	1	2019-07-10	2019-10-07 08:56:48.244753	2019-10-07 08:56:48.244753
900	4	1	2019-07-10	2019-10-07 08:56:48.250174	2019-10-07 08:56:48.250174
901	4	4	2019-07-10	2019-10-07 08:56:48.254074	2019-10-07 08:56:48.254074
902	4	4	2019-07-10	2019-10-07 08:56:48.258051	2019-10-07 08:56:48.258051
903	4	6	2019-07-10	2019-10-07 08:56:48.262302	2019-10-07 08:56:48.262302
904	4	6	2019-07-10	2019-10-07 08:56:48.26598	2019-10-07 08:56:48.26598
905	4	7	2019-07-10	2019-10-07 08:56:48.270427	2019-10-07 08:56:48.270427
906	4	7	2019-07-10	2019-10-07 08:56:48.274509	2019-10-07 08:56:48.274509
907	4	9	2019-07-10	2019-10-07 08:56:48.278383	2019-10-07 08:56:48.278383
908	4	9	2019-07-10	2019-10-07 08:56:48.283967	2019-10-07 08:56:48.283967
909	4	9	2019-07-10	2019-10-07 08:56:48.288017	2019-10-07 08:56:48.288017
910	4	10	2019-07-10	2019-10-07 08:56:48.292073	2019-10-07 08:56:48.292073
911	4	10	2019-07-10	2019-10-07 08:56:48.296022	2019-10-07 08:56:48.296022
912	4	10	2019-07-10	2019-10-07 08:56:48.301282	2019-10-07 08:56:48.301282
913	4	12	2019-07-10	2019-10-07 08:56:48.30535	2019-10-07 08:56:48.30535
914	4	12	2019-07-10	2019-10-07 08:56:48.309408	2019-10-07 08:56:48.309408
915	4	16	2019-07-10	2019-10-07 08:56:48.314781	2019-10-07 08:56:48.314781
916	4	18	2019-07-10	2019-10-07 08:56:48.319322	2019-10-07 08:56:48.319322
917	4	18	2019-07-10	2019-10-07 08:56:48.323538	2019-10-07 08:56:48.323538
918	4	21	2019-07-10	2019-10-07 08:56:48.328041	2019-10-07 08:56:48.328041
919	4	22	2019-07-10	2019-10-07 08:56:48.331841	2019-10-07 08:56:48.331841
920	4	24	2019-07-10	2019-10-07 08:56:48.33549	2019-10-07 08:56:48.33549
921	4	33	2019-07-10	2019-10-07 08:56:48.339138	2019-10-07 08:56:48.339138
922	4	33	2019-07-10	2019-10-07 08:56:48.343913	2019-10-07 08:56:48.343913
923	4	36	2019-07-10	2019-10-07 08:56:48.349744	2019-10-07 08:56:48.349744
924	4	37	2019-07-10	2019-10-07 08:56:48.353652	2019-10-07 08:56:48.353652
925	4	39	2019-07-10	2019-10-07 08:56:48.357871	2019-10-07 08:56:48.357871
926	4	42	2019-07-10	2019-10-07 08:56:48.362654	2019-10-07 08:56:48.362654
927	4	42	2019-07-10	2019-10-07 08:56:48.368069	2019-10-07 08:56:48.368069
928	4	42	2019-07-10	2019-10-07 08:56:48.372301	2019-10-07 08:56:48.372301
929	4	1	2019-07-10	2019-10-07 08:56:48.376307	2019-10-07 08:56:48.376307
930	4	4	2019-07-10	2019-10-07 08:56:48.380316	2019-10-07 08:56:48.380316
931	4	4	2019-07-10	2019-10-07 08:56:48.384353	2019-10-07 08:56:48.384353
932	4	6	2019-07-10	2019-10-07 08:56:48.389099	2019-10-07 08:56:48.389099
933	4	6	2019-07-10	2019-10-07 08:56:48.393744	2019-10-07 08:56:48.393744
934	4	6	2019-07-10	2019-10-07 08:56:48.399516	2019-10-07 08:56:48.399516
935	4	7	2019-07-10	2019-10-07 08:56:48.403505	2019-10-07 08:56:48.403505
936	4	7	2019-07-10	2019-10-07 08:56:48.4082	2019-10-07 08:56:48.4082
937	4	9	2019-07-10	2019-10-07 08:56:48.412537	2019-10-07 08:56:48.412537
938	4	9	2019-07-10	2019-10-07 08:56:48.416407	2019-10-07 08:56:48.416407
939	4	9	2019-07-10	2019-10-07 08:56:48.420519	2019-10-07 08:56:48.420519
940	4	10	2019-07-10	2019-10-07 08:56:48.424755	2019-10-07 08:56:48.424755
941	4	18	2019-07-10	2019-10-07 08:56:48.43525	2019-10-07 08:56:48.43525
942	4	25	2019-07-10	2019-10-07 08:56:48.440749	2019-10-07 08:56:48.440749
943	4	32	2019-07-10	2019-10-07 08:56:48.446048	2019-10-07 08:56:48.446048
944	4	37	2019-07-10	2019-10-07 08:56:48.452155	2019-10-07 08:56:48.452155
945	4	39	2019-07-10	2019-10-07 08:56:48.466931	2019-10-07 08:56:48.466931
946	4	42	2019-07-10	2019-10-07 08:56:48.472203	2019-10-07 08:56:48.472203
947	4	45	2019-07-10	2019-10-07 08:56:48.477891	2019-10-07 08:56:48.477891
948	4	48	2019-07-10	2019-10-07 08:56:48.483541	2019-10-07 08:56:48.483541
949	4	3	2019-07-10	2019-10-07 08:56:48.487416	2019-10-07 08:56:48.487416
950	4	4	2019-07-10	2019-10-07 08:56:48.491132	2019-10-07 08:56:48.491132
951	4	4	2019-07-10	2019-10-07 08:56:48.495624	2019-10-07 08:56:48.495624
952	4	6	2019-07-10	2019-10-07 08:56:48.501069	2019-10-07 08:56:48.501069
953	4	7	2019-07-10	2019-10-07 08:56:48.504902	2019-10-07 08:56:48.504902
954	4	7	2019-07-10	2019-10-07 08:56:48.508911	2019-10-07 08:56:48.508911
955	4	9	2019-07-10	2019-10-07 08:56:48.515048	2019-10-07 08:56:48.515048
956	4	10	2019-07-10	2019-10-07 08:56:48.519134	2019-10-07 08:56:48.519134
957	4	10	2019-07-10	2019-10-07 08:56:48.522991	2019-10-07 08:56:48.522991
958	4	10	2019-07-10	2019-10-07 08:56:48.527312	2019-10-07 08:56:48.527312
959	4	16	2019-07-10	2019-10-07 08:56:48.531459	2019-10-07 08:56:48.531459
960	4	18	2019-07-10	2019-10-07 08:56:48.536732	2019-10-07 08:56:48.536732
961	4	21	2019-07-10	2019-10-07 08:56:48.557141	2019-10-07 08:56:48.557141
962	4	22	2019-07-10	2019-10-07 08:56:48.563243	2019-10-07 08:56:48.563243
963	4	22	2019-07-10	2019-10-07 08:56:48.568487	2019-10-07 08:56:48.568487
964	4	22	2019-07-10	2019-10-07 08:56:48.573359	2019-10-07 08:56:48.573359
965	4	22	2019-07-10	2019-10-07 08:56:48.577912	2019-10-07 08:56:48.577912
966	4	22	2019-07-10	2019-10-07 08:56:48.584054	2019-10-07 08:56:48.584054
967	4	24	2019-07-10	2019-10-07 08:56:48.591198	2019-10-07 08:56:48.591198
968	4	25	2019-07-10	2019-10-07 08:56:48.596533	2019-10-07 08:56:48.596533
969	4	27	2019-07-10	2019-10-07 08:56:48.600669	2019-10-07 08:56:48.600669
970	4	31	2019-07-10	2019-10-07 08:56:48.60528	2019-10-07 08:56:48.60528
971	4	32	2019-07-10	2019-10-07 08:56:48.609549	2019-10-07 08:56:48.609549
972	4	42	2019-07-10	2019-10-07 08:56:48.615314	2019-10-07 08:56:48.615314
973	4	43	2019-07-10	2019-10-07 08:56:48.61932	2019-10-07 08:56:48.61932
974	4	46	2019-07-10	2019-10-07 08:56:48.623412	2019-10-07 08:56:48.623412
975	4	1	2019-07-10	2019-10-07 08:56:48.627969	2019-10-07 08:56:48.627969
976	4	1	2019-07-10	2019-10-07 08:56:48.632428	2019-10-07 08:56:48.632428
977	4	3	2019-07-10	2019-10-07 08:56:48.636507	2019-10-07 08:56:48.636507
978	4	3	2019-07-10	2019-10-07 08:56:48.640309	2019-10-07 08:56:48.640309
979	4	4	2019-07-10	2019-10-07 08:56:48.645071	2019-10-07 08:56:48.645071
980	4	4	2019-07-10	2019-10-07 08:56:48.650358	2019-10-07 08:56:48.650358
981	4	4	2019-07-10	2019-10-07 08:56:48.654343	2019-10-07 08:56:48.654343
982	4	4	2019-07-10	2019-10-07 08:56:48.658711	2019-10-07 08:56:48.658711
983	4	6	2019-07-10	2019-10-07 08:56:48.663743	2019-10-07 08:56:48.663743
984	4	6	2019-07-10	2019-10-07 08:56:48.667656	2019-10-07 08:56:48.667656
985	4	6	2019-07-10	2019-10-07 08:56:48.671478	2019-10-07 08:56:48.671478
986	4	7	2019-07-10	2019-10-07 08:56:48.675956	2019-10-07 08:56:48.675956
987	4	9	2019-07-10	2019-10-07 08:56:48.681297	2019-10-07 08:56:48.681297
988	4	9	2019-07-10	2019-10-07 08:56:48.685792	2019-10-07 08:56:48.685792
989	4	10	2019-07-10	2019-10-07 08:56:48.68978	2019-10-07 08:56:48.68978
990	4	10	2019-07-10	2019-10-07 08:56:48.693746	2019-10-07 08:56:48.693746
991	4	12	2019-07-10	2019-10-07 08:56:48.697875	2019-10-07 08:56:48.697875
992	4	12	2019-07-10	2019-10-07 08:56:48.701502	2019-10-07 08:56:48.701502
993	4	18	2019-07-10	2019-10-07 08:56:48.705383	2019-10-07 08:56:48.705383
994	4	18	2019-07-10	2019-10-07 08:56:48.716677	2019-10-07 08:56:48.716677
995	4	19	2019-07-10	2019-10-07 08:56:48.73032	2019-10-07 08:56:48.73032
996	4	24	2019-07-10	2019-10-07 08:56:48.736645	2019-10-07 08:56:48.736645
997	4	27	2019-07-10	2019-10-07 08:56:48.741515	2019-10-07 08:56:48.741515
998	4	27	2019-07-10	2019-10-07 08:56:48.745651	2019-10-07 08:56:48.745651
999	4	28	2019-07-10	2019-10-07 08:56:48.751157	2019-10-07 08:56:48.751157
1000	4	30	2019-07-10	2019-10-07 08:56:48.756876	2019-10-07 08:56:48.756876
1001	4	30	2019-07-10	2019-10-07 08:56:48.761167	2019-10-07 08:56:48.761167
1002	4	33	2019-07-10	2019-10-07 08:56:48.766535	2019-10-07 08:56:48.766535
1003	4	33	2019-07-10	2019-10-07 08:56:48.770694	2019-10-07 08:56:48.770694
1004	4	34	2019-07-10	2019-10-07 08:56:48.774834	2019-10-07 08:56:48.774834
\.


--
-- Data for Name: products; Type: TABLE DATA; Schema: public; Owner: nramseylocal
--

COPY public.products (id, name, materials, cost, price, created_at, updated_at) FROM stdin;
23	Hawaiian_GF	dough, sauce	2.805	10.95	2019-10-06 07:40:53.431674	2019-10-07 16:45:33.124064
1	Cheese_P	dough, sauce	1.96	9.95	2019-10-06 07:40:53.142856	2019-10-07 16:45:32.977006
2	Cheese_GF	dough, sauce	2.64	10.95	2019-10-07 16:45:32.992295	2019-10-07 16:45:32.992295
3	Cheese_L	dough, sauce	3.32	17.95	2019-10-06 07:40:53.195831	2019-10-07 16:45:33.004707
4	Pepperoni_P	dough, sauce	1.97	9.95	2019-10-06 07:40:53.200837	2019-10-07 16:45:33.020204
5	Pepperoni_GF	dough, sauce	2.735	10.95	2019-10-06 07:40:53.229721	2019-10-07 16:45:33.023244
6	Pepperoni_L	dough, sauce	3.5	17.95	2019-10-06 07:40:53.234963	2019-10-07 16:45:33.026112
7	Meat_Lover_P	dough, sauce	2.2	9.95	2019-10-06 07:40:53.239357	2019-10-07 16:45:33.029004
8	Meat_Lover_GF	dough, sauce	3.085	10.95	2019-10-06 07:40:53.246938	2019-10-07 16:45:33.035115
9	Meat_Lover_L	dough, sauce	3.97	17.95	2019-10-06 07:40:53.267315	2019-10-07 16:45:33.040736
10	BBQ_Chicken_P	dough, sauce	2.48	9.95	2019-10-06 07:40:53.281068	2019-10-07 16:45:33.047358
11	BBQ_Chicken_GF	dough, sauce	3.535	10.95	2019-10-06 07:40:53.314784	2019-10-07 16:45:33.058086
12	BBQ_Chicken_L	dough, sauce	4.59	17.95	2019-10-06 07:40:53.319191	2019-10-07 16:45:33.062524
13	Buffalo_Chicken_P	dough, sauce	1.99	9.95	2019-10-06 07:40:53.327171	2019-10-07 16:45:33.067258
14	Buffalo_Chicken_GF	dough, sauce	2.75	10.95	2019-10-06 07:40:53.334827	2019-10-07 16:45:33.076464
15	Buffalo_Chicken_L	dough, sauce	3.51	17.95	2019-10-06 07:40:53.37991	2019-10-07 16:45:33.089739
16	Chicken_Bacon_Ranch_P	dough, sauce	2.18	9.95	2019-10-06 07:40:53.393289	2019-10-07 16:45:33.095311
17	Chicken_Bacon_Ranch_GF	dough, sauce	3.03	10.95	2019-10-06 07:40:53.405579	2019-10-07 16:45:33.09804
18	Chicken_Bacon_Ranch_L	dough, sauce	3.88	17.95	2019-10-06 07:40:53.408836	2019-10-07 16:45:33.101398
19	ITL_Sausage_P	dough, sauce	2.08	9.95	2019-10-06 07:40:53.413512	2019-10-07 16:45:33.105432
20	ITL_Sausage_GF	dough, sauce	2.89	10.95	2019-10-06 07:40:53.416903	2019-10-07 16:45:33.112843
21	ITL_Sausage_L	dough, sauce	3.7	17.95	2019-10-06 07:40:53.420177	2019-10-07 16:45:33.115962
22	Hawaiian_P	dough, sauce	2.02	9.95	2019-10-06 07:40:53.425979	2019-10-07 16:45:33.12068
24	Hawaiian_L	dough, sauce	3.59	17.95	2019-10-06 07:40:53.435125	2019-10-07 16:45:33.126661
25	Carne_Amante_P	dough, sauce	2.46	9.95	2019-10-06 07:40:53.456976	2019-10-07 16:45:33.129155
26	Carne_Amante_GF	dough, sauce	3.365	10.95	2019-10-06 07:40:53.465991	2019-10-07 16:45:33.132998
27	Carne_Amante_L	dough, sauce	4.27	17.95	2019-10-06 07:40:53.469272	2019-10-07 16:45:33.136015
28	Garlic_Vegetarian_P	dough, sauce	2.27	9.95	2019-10-06 07:40:53.473323	2019-10-07 16:45:33.140774
29	Garlic_Vegetarian_GF	dough, sauce	3.035	10.95	2019-10-06 07:40:53.477195	2019-10-07 16:45:33.14765
30	Garlic_Vegetarian_L	dough, sauce	3.8	17.95	2019-10-06 07:40:53.483148	2019-10-07 16:45:33.157272
31	Chicken_Pesto_P	dough, sauce	2.95	9.95	2019-10-06 07:40:53.496219	2019-10-07 16:45:33.159782
32	Chicken_Pesto_GF	dough, sauce	4.085	10.95	2019-10-06 07:40:53.49956	2019-10-07 16:45:33.163777
33	Chicken_Pesto_L	dough, sauce	5.22	17.95	2019-10-06 07:40:53.502752	2019-10-07 16:45:33.166978
34	Mediterranean_P	dough, sauce	2.41	9.95	2019-10-06 07:40:53.508419	2019-10-07 16:45:33.169834
35	Mediterranean_GF	dough, sauce	3.435	10.95	2019-10-06 07:40:53.51334	2019-10-07 16:45:33.172381
36	Mediterranean_L	dough, sauce	4.46	17.95	2019-10-06 07:40:53.517822	2019-10-07 16:45:33.174998
37	Tuscan_Veggie_P	dough, sauce	2.56	9.95	2019-10-06 07:40:53.521217	2019-10-07 16:45:33.178203
38	Tuscan_Veggie_GF	dough, sauce	3.665	10.95	2019-10-06 07:40:53.527687	2019-10-07 16:45:33.180979
39	Tuscan_Veggie_L	dough, sauce	4.77	17.95	2019-10-06 07:40:53.531851	2019-10-07 16:45:33.186131
40	Margherita_P	dough, sauce	2.33	9.95	2019-10-06 07:40:53.536334	2019-10-07 16:45:33.189554
41	Margherita_GF	dough, sauce	2.99	10.95	2019-10-06 07:40:53.551609	2019-10-07 16:45:33.192653
42	Margherita_L	dough, sauce	3.65	17.95	2019-10-06 07:40:53.561648	2019-10-07 16:45:33.195728
43	Prime_Rib_P	dough, sauce	3.16	9.95	2019-10-06 07:40:53.59919	2019-10-07 16:45:33.199389
44	Prime_Rib_GF	dough, sauce	4.48	10.95	2019-10-06 07:40:53.627716	2019-10-07 16:45:33.20393
45	Prime_Rib_L	dough, sauce	5.8	17.95	2019-10-06 07:40:53.640257	2019-10-07 16:45:33.206704
46	Thai_Chicken_P	dough, sauce	2.84	9.95	2019-10-06 07:40:53.649017	2019-10-07 16:45:33.216432
47	Thai_Chicken_GF	dough, sauce	4.03	10.95	2019-10-06 07:40:53.66938	2019-10-07 16:45:33.2278
48	Thai_Chicken_L	dough, sauce	5.22	17.95	2019-10-06 07:40:53.676197	2019-10-07 16:45:33.231202
49	Gyro_P	dough, sauce	1.0	9.95	2019-10-07 16:45:33.236941	2019-10-07 16:45:33.236941
50	Gyro_GF	dough, sauce	1.0	10.95	2019-10-07 16:45:33.23992	2019-10-07 16:45:33.23992
51	Gyro_L	dough, sauce	1.0	17.95	2019-10-07 16:45:33.252324	2019-10-07 16:45:33.252324
52	Coconut_Shrip_P	dough, sauce	1.0	9.95	2019-10-07 16:45:33.25819	2019-10-07 16:45:33.25819
53	Coconut_Shrip_GF	dough, sauce	1.0	10.95	2019-10-07 16:45:33.261664	2019-10-07 16:45:33.261664
54	Coconut_Shrip_L	dough, sauce	1.0	17.95	2019-10-07 16:45:33.265346	2019-10-07 16:45:33.265346
\.


--
-- Data for Name: schema_migrations; Type: TABLE DATA; Schema: public; Owner: nramseylocal
--

COPY public.schema_migrations (version) FROM stdin;
20191006064941
20191006065356
20191006065526
20191006065705
20191006065832
20191006070208
20191006070258
20191006070339
20191006070434
20191006070504
\.


--
-- Data for Name: stores; Type: TABLE DATA; Schema: public; Owner: nramseylocal
--

COPY public.stores (id, name, created_at, updated_at) FROM stdin;
1	New Castle	2019-10-06 07:39:26.879914	2019-10-06 07:39:26.879914
2	Mercer Island	2019-10-06 07:39:26.892226	2019-10-06 07:39:26.892226
3	Tiger Mountain	2019-10-06 07:39:26.894754	2019-10-06 07:39:26.894754
4	Issaquah	2019-10-06 07:39:26.901824	2019-10-06 07:39:26.901824
\.


--
-- Data for Name: timecards; Type: TABLE DATA; Schema: public; Owner: nramseylocal
--

COPY public.timecards (id, day, store_id, employee_id, hours, created_at, updated_at) FROM stdin;
1	2019-07-10	1	1	5.03	2019-10-07 16:15:55.970201	2019-10-07 16:15:55.970201
2	2019-07-10	1	6	8.75	2019-10-07 16:15:56.041046	2019-10-07 16:15:56.041046
3	2019-07-10	2	10	9.28	2019-10-07 16:15:56.086843	2019-10-07 16:15:56.086843
4	2019-07-10	2	11	7.71	2019-10-07 16:15:56.09392	2019-10-07 16:15:56.09392
5	2019-07-10	3	16	8.3	2019-10-07 16:15:56.098517	2019-10-07 16:15:56.098517
6	2019-07-10	3	19	7.35	2019-10-07 16:15:56.105551	2019-10-07 16:15:56.105551
7	2019-07-10	4	21	7.53	2019-10-07 16:15:56.110182	2019-10-07 16:15:56.110182
8	2019-07-10	4	26	9.32	2019-10-07 16:15:56.11445	2019-10-07 16:15:56.11445
\.


--
-- Name: employees_id_seq; Type: SEQUENCE SET; Schema: public; Owner: nramseylocal
--

SELECT pg_catalog.setval('public.employees_id_seq', 1, false);


--
-- Name: orders_id_seq; Type: SEQUENCE SET; Schema: public; Owner: nramseylocal
--

SELECT pg_catalog.setval('public.orders_id_seq', 1004, true);


--
-- Name: products_id_seq; Type: SEQUENCE SET; Schema: public; Owner: nramseylocal
--

SELECT pg_catalog.setval('public.products_id_seq', 1, false);


--
-- Name: stores_id_seq; Type: SEQUENCE SET; Schema: public; Owner: nramseylocal
--

SELECT pg_catalog.setval('public.stores_id_seq', 1, false);


--
-- Name: timecards_id_seq; Type: SEQUENCE SET; Schema: public; Owner: nramseylocal
--

SELECT pg_catalog.setval('public.timecards_id_seq', 8, true);


--
-- Name: ar_internal_metadata ar_internal_metadata_pkey; Type: CONSTRAINT; Schema: public; Owner: nramseylocal
--

ALTER TABLE ONLY public.ar_internal_metadata
    ADD CONSTRAINT ar_internal_metadata_pkey PRIMARY KEY (key);


--
-- Name: employees employees_pkey; Type: CONSTRAINT; Schema: public; Owner: nramseylocal
--

ALTER TABLE ONLY public.employees
    ADD CONSTRAINT employees_pkey PRIMARY KEY (id);


--
-- Name: orders orders_pkey; Type: CONSTRAINT; Schema: public; Owner: nramseylocal
--

ALTER TABLE ONLY public.orders
    ADD CONSTRAINT orders_pkey PRIMARY KEY (id);


--
-- Name: products products_pkey; Type: CONSTRAINT; Schema: public; Owner: nramseylocal
--

ALTER TABLE ONLY public.products
    ADD CONSTRAINT products_pkey PRIMARY KEY (id);


--
-- Name: schema_migrations schema_migrations_pkey; Type: CONSTRAINT; Schema: public; Owner: nramseylocal
--

ALTER TABLE ONLY public.schema_migrations
    ADD CONSTRAINT schema_migrations_pkey PRIMARY KEY (version);


--
-- Name: stores stores_pkey; Type: CONSTRAINT; Schema: public; Owner: nramseylocal
--

ALTER TABLE ONLY public.stores
    ADD CONSTRAINT stores_pkey PRIMARY KEY (id);


--
-- Name: timecards timecards_pkey; Type: CONSTRAINT; Schema: public; Owner: nramseylocal
--

ALTER TABLE ONLY public.timecards
    ADD CONSTRAINT timecards_pkey PRIMARY KEY (id);


--
-- Name: timecards fk_rails_5824c4649c; Type: FK CONSTRAINT; Schema: public; Owner: nramseylocal
--

ALTER TABLE ONLY public.timecards
    ADD CONSTRAINT fk_rails_5824c4649c FOREIGN KEY (store_id) REFERENCES public.stores(id);


--
-- Name: employees fk_rails_b82b548cdd; Type: FK CONSTRAINT; Schema: public; Owner: nramseylocal
--

ALTER TABLE ONLY public.employees
    ADD CONSTRAINT fk_rails_b82b548cdd FOREIGN KEY (store_id) REFERENCES public.stores(id);


--
-- Name: orders fk_rails_dfb33b2de0; Type: FK CONSTRAINT; Schema: public; Owner: nramseylocal
--

ALTER TABLE ONLY public.orders
    ADD CONSTRAINT fk_rails_dfb33b2de0 FOREIGN KEY (product_id) REFERENCES public.products(id);


--
-- Name: orders fk_rails_f0be2fda72; Type: FK CONSTRAINT; Schema: public; Owner: nramseylocal
--

ALTER TABLE ONLY public.orders
    ADD CONSTRAINT fk_rails_f0be2fda72 FOREIGN KEY (store_id) REFERENCES public.stores(id);


--
-- Name: timecards fk_rails_f19b2b06bc; Type: FK CONSTRAINT; Schema: public; Owner: nramseylocal
--

ALTER TABLE ONLY public.timecards
    ADD CONSTRAINT fk_rails_f19b2b06bc FOREIGN KEY (employee_id) REFERENCES public.employees(id);


--
-- PostgreSQL database dump complete
--

